[10Juni2026 13:21:42.157] [main/INFO] [cpw.mods.modlauncher.Launcher/MODLAUNCHER]: ModLauncher running: args [--launchTarget, forgeclientuserdev, --version, 21.1.139, --assetIndex, 17, --assetsDir, C:\\Users\\Lukas\\.gradle\\caches\\neoformruntime\\assets, --gameDir, ., --fml.neoForgeVersion, 21.1.139, --fml.fmlVersion, 4.0.38, --fml.mcVersion, 1.21.1, --fml.neoFormVersion, 20240808.144430]
[10Juni2026 13:21:42.172] [main/INFO] [cpw.mods.modlauncher.Launcher/MODLAUNCHER]: JVM identified as Eclipse Adoptium OpenJDK 64-Bit Server VM 21.0.6+7-LTS
[10Juni2026 13:21:42.175] [main/INFO] [cpw.mods.modlauncher.Launcher/MODLAUNCHER]: ModLauncher 11.0.4+main.d2e20e43 starting: java version 21.0.6 by Eclipse Adoptium; OS Windows 11 arch amd64 version 10.0
[10Juni2026 13:21:42.220] [main/DEBUG] [cpw.mods.modlauncher.LaunchServiceHandler/MODLAUNCHER]: Found launch services [minecraft,forgeclient,forgedatauserdev,testharness,forgeserverdev,forgeserveruserdev,forgejunitdev,forgeclientdev,forgeclientuserdev,forgeserver,forgejunituserdev,forgedatadev]
[10Juni2026 13:21:42.263] [main/DEBUG] [cpw.mods.modlauncher.LaunchPluginHandler/MODLAUNCHER]: Found launch plugins: [mixin,slf4jfixer,runtime_enum_extender,accesstransformer,runtimedistcleaner]
[10Juni2026 13:21:42.291] [main/DEBUG] [cpw.mods.modlauncher.TransformationServicesHandler/MODLAUNCHER]: Discovering transformation services
[10Juni2026 13:21:42.301] [main/DEBUG] [net.neoforged.fml.loading.FMLPaths/CORE]: Path GAMEDIR is F:\Games\MODS\crafts_construct\run
[10Juni2026 13:21:42.302] [main/DEBUG] [net.neoforged.fml.loading.FMLPaths/CORE]: Path MODSDIR is F:\Games\MODS\crafts_construct\run\mods
[10Juni2026 13:21:42.302] [main/DEBUG] [net.neoforged.fml.loading.FMLPaths/CORE]: Path CONFIGDIR is F:\Games\MODS\crafts_construct\run\config
[10Juni2026 13:21:42.303] [main/DEBUG] [net.neoforged.fml.loading.FMLPaths/CORE]: Path FMLCONFIG is F:\Games\MODS\crafts_construct\run\config\fml.toml
[10Juni2026 13:21:42.612] [main/DEBUG] [net.neoforged.fml.loading.targets.CommonLaunchHandler/CORE]: Got mod coordinates crafts_construct%%F:\Games\MODS\crafts_construct\build\classes\java\main;crafts_construct%%F:\Games\MODS\crafts_construct\build\resources\main from env
[10Juni2026 13:21:42.614] [main/DEBUG] [net.neoforged.fml.loading.targets.CommonLaunchHandler/CORE]: Found supplied mod coordinates [{crafts_construct=[F:\Games\MODS\crafts_construct\build\classes\java\main, F:\Games\MODS\crafts_construct\build\resources\main]}]
[10Juni2026 13:21:42.618] [main/DEBUG] [cpw.mods.modlauncher.TransformationServicesHandler/MODLAUNCHER]: Found additional transformation services from discovery services: 
[10Juni2026 13:21:42.627] [main/INFO] [net.neoforged.fml.loading.ImmediateWindowHandler/]: Loading ImmediateWindowProvider fmlearlywindow
[10Juni2026 13:21:42.926] [main/INFO] [EARLYDISPLAY/]: Trying GL version 4.6
[10Juni2026 13:21:43.328] [main/INFO] [EARLYDISPLAY/]: Requested GL version 4.6 got version 4.6
[10Juni2026 13:21:43.517] [main/DEBUG] [cpw.mods.modlauncher.TransformationServicesHandler/MODLAUNCHER]: Found transformer services : [mixin,fml]
[10Juni2026 13:21:43.518] [main/DEBUG] [cpw.mods.modlauncher.TransformationServicesHandler/MODLAUNCHER]: Transformation services loading
[10Juni2026 13:21:43.520] [main/DEBUG] [cpw.mods.modlauncher.TransformationServiceDecorator/MODLAUNCHER]: Loading service mixin
[10Juni2026 13:21:43.520] [main/DEBUG] [cpw.mods.modlauncher.TransformationServiceDecorator/MODLAUNCHER]: Loaded service mixin
[10Juni2026 13:21:43.521] [main/DEBUG] [cpw.mods.modlauncher.TransformationServiceDecorator/MODLAUNCHER]: Loading service fml
[10Juni2026 13:21:43.522] [main/DEBUG] [net.neoforged.fml.loading.FMLLoader/CORE]: FML 4.0.38 loading
[10Juni2026 13:21:43.522] [main/DEBUG] [net.neoforged.fml.loading.FMLLoader/CORE]: FML found ModLauncher version : 11.0.4+main.d2e20e43
[10Juni2026 13:21:43.523] [main/DEBUG] [net.neoforged.fml.loading.FMLLoader/CORE]: FML found AccessTransformer version : 10.0.1+139da711
[10Juni2026 13:21:43.523] [main/DEBUG] [net.neoforged.fml.loading.FMLLoader/CORE]: FML found EventBus version : null
[10Juni2026 13:21:43.524] [main/DEBUG] [net.neoforged.fml.loading.FMLLoader/CORE]: Found Runtime Dist Cleaner
[10Juni2026 13:21:43.525] [main/DEBUG] [cpw.mods.modlauncher.TransformationServiceDecorator/MODLAUNCHER]: Loaded service fml
[10Juni2026 13:21:43.526] [main/DEBUG] [cpw.mods.modlauncher.TransformationServicesHandler/MODLAUNCHER]: Configuring option handling for services
[10Juni2026 13:21:43.553] [main/DEBUG] [net.neoforged.fml.loading.FMLServiceProvider/CORE]: Received command line version data  : VersionInfo[neoForgeVersion=21.1.139, fmlVersion=4.0.38, mcVersion=1.21.1, neoFormVersion=20240808.144430]
[10Juni2026 13:21:43.553] [main/DEBUG] [cpw.mods.modlauncher.TransformationServicesHandler/MODLAUNCHER]: Transformation services initializing
[10Juni2026 13:21:43.553] [main/DEBUG] [cpw.mods.modlauncher.TransformationServiceDecorator/MODLAUNCHER]: Initializing transformation service mixin
[10Juni2026 13:21:43.578] [main/DEBUG] [mixin/]: MixinService [ModLauncher] was successfully booted in cpw.mods.cl.ModuleClassLoader@a74868d
[10Juni2026 13:21:43.596] [main/INFO] [mixin/]: SpongePowered MIXIN Subsystem Version=0.8.7 Source=union:/C:/Users/Lukas/.gradle/caches/modules-2/files-2.1/net.fabricmc/sponge-mixin/0.15.2+mixin.0.8.7/2af2f021d8e02a0220dc27a7a72b4666d66d44ca/sponge-mixin-0.15.2+mixin.0.8.7.jar%23131!/ Service=ModLauncher Env=CLIENT
[10Juni2026 13:21:43.600] [main/DEBUG] [mixin/]: Initialising Mixin Platform Manager
[10Juni2026 13:21:43.601] [main/DEBUG] [mixin/]: Adding mixin platform agents for container ModLauncher Root Container(ModLauncher:4f56a0a2)
[10Juni2026 13:21:43.602] [main/DEBUG] [mixin/]: Instancing new MixinPlatformAgentMinecraftForge for ModLauncher Root Container(ModLauncher:4f56a0a2)
[10Juni2026 13:21:43.603] [main/DEBUG] [mixin/]: MixinPlatformAgentMinecraftForge rejected container ModLauncher Root Container(ModLauncher:4f56a0a2)
[10Juni2026 13:21:43.605] [main/DEBUG] [mixin/]: Instancing new MixinPlatformAgentDefault for ModLauncher Root Container(ModLauncher:4f56a0a2)
[10Juni2026 13:21:43.605] [main/DEBUG] [mixin/]: MixinPlatformAgentDefault accepted container ModLauncher Root Container(ModLauncher:4f56a0a2)
[10Juni2026 13:21:43.608] [main/DEBUG] [cpw.mods.modlauncher.TransformationServiceDecorator/MODLAUNCHER]: Initialized transformation service mixin
[10Juni2026 13:21:43.608] [main/DEBUG] [cpw.mods.modlauncher.TransformationServiceDecorator/MODLAUNCHER]: Initializing transformation service fml
[10Juni2026 13:21:43.609] [main/DEBUG] [net.neoforged.fml.loading.FMLServiceProvider/CORE]: Setting up basic FML game directories
[10Juni2026 13:21:43.609] [main/DEBUG] [net.neoforged.fml.loading.FMLPaths/CORE]: Path GAMEDIR is F:\Games\MODS\crafts_construct\run
[10Juni2026 13:21:43.610] [main/DEBUG] [net.neoforged.fml.loading.FMLPaths/CORE]: Path MODSDIR is F:\Games\MODS\crafts_construct\run\mods
[10Juni2026 13:21:43.611] [main/DEBUG] [net.neoforged.fml.loading.FMLPaths/CORE]: Path CONFIGDIR is F:\Games\MODS\crafts_construct\run\config
[10Juni2026 13:21:43.611] [main/DEBUG] [net.neoforged.fml.loading.FMLPaths/CORE]: Path FMLCONFIG is F:\Games\MODS\crafts_construct\run\config\fml.toml
[10Juni2026 13:21:43.612] [main/DEBUG] [net.neoforged.fml.loading.FMLServiceProvider/CORE]: Loading configuration
[10Juni2026 13:21:43.618] [main/DEBUG] [net.neoforged.fml.loading.FMLServiceProvider/CORE]: Preparing launch handler
[10Juni2026 13:21:43.619] [main/DEBUG] [net.neoforged.fml.loading.FMLLoader/CORE]: Using forgeclientuserdev as launch service
[10Juni2026 13:21:43.621] [main/DEBUG] [cpw.mods.modlauncher.TransformationServiceDecorator/MODLAUNCHER]: Initialized transformation service fml
[10Juni2026 13:21:43.621] [main/DEBUG] [cpw.mods.modlauncher.TransformationServicesHandler/MODLAUNCHER]: Transformation services begin scanning
[10Juni2026 13:21:43.623] [main/DEBUG] [cpw.mods.modlauncher.TransformationServiceDecorator/MODLAUNCHER]: Beginning scan trigger - transformation service mixin
[10Juni2026 13:21:43.623] [main/DEBUG] [cpw.mods.modlauncher.TransformationServiceDecorator/MODLAUNCHER]: End scan trigger - transformation service mixin
[10Juni2026 13:21:43.623] [main/DEBUG] [cpw.mods.modlauncher.TransformationServiceDecorator/MODLAUNCHER]: Beginning scan trigger - transformation service fml
[10Juni2026 13:21:43.625] [main/DEBUG] [net.neoforged.fml.loading.FMLServiceProvider/CORE]: Initiating mod scan
[10Juni2026 13:21:43.629] [main/DEBUG] [net.neoforged.fml.loading.targets.CommonLaunchHandler/CORE]: Got mod coordinates crafts_construct%%F:\Games\MODS\crafts_construct\build\classes\java\main;crafts_construct%%F:\Games\MODS\crafts_construct\build\resources\main from env
[10Juni2026 13:21:43.629] [main/DEBUG] [net.neoforged.fml.loading.targets.CommonLaunchHandler/CORE]: Found supplied mod coordinates [{crafts_construct=[F:\Games\MODS\crafts_construct\build\classes\java\main, F:\Games\MODS\crafts_construct\build\resources\main]}]
[10Juni2026 13:21:43.648] [main/DEBUG] [net.neoforged.fml.util.ServiceLoaderUtil/CORE]: Found 4 implementations of IModFileCandidateLocator:
[10Juni2026 13:21:43.649] [main/DEBUG] [net.neoforged.fml.util.ServiceLoaderUtil/CORE]: 	       0 - [built-in] net.neoforged.fml.loading.moddiscovery.locators.NeoForgeDevProvider from loader-4.0.38.jar
[10Juni2026 13:21:43.649] [main/DEBUG] [net.neoforged.fml.util.ServiceLoaderUtil/CORE]: 	       0 - net.neoforged.fml.loading.moddiscovery.locators.ModsFolderLocator from loader-4.0.38.jar
[10Juni2026 13:21:43.650] [main/DEBUG] [net.neoforged.fml.util.ServiceLoaderUtil/CORE]: 	       0 - net.neoforged.fml.loading.moddiscovery.locators.MavenDirectoryLocator from loader-4.0.38.jar
[10Juni2026 13:21:43.651] [main/DEBUG] [net.neoforged.fml.util.ServiceLoaderUtil/CORE]: 	   -1000 - [built-in] net.neoforged.fml.loading.moddiscovery.locators.UserdevLocator from loader-4.0.38.jar
[10Juni2026 13:21:43.653] [main/DEBUG] [net.neoforged.fml.util.ServiceLoaderUtil/CORE]: Found 2 implementations of IModFileReader:
[10Juni2026 13:21:43.653] [main/DEBUG] [net.neoforged.fml.util.ServiceLoaderUtil/CORE]: 	       0 - net.neoforged.fml.loading.moddiscovery.readers.JarModsDotTomlModFileReader from loader-4.0.38.jar
[10Juni2026 13:21:43.654] [main/DEBUG] [net.neoforged.fml.util.ServiceLoaderUtil/CORE]: 	   -1000 - net.neoforged.fml.loading.moddiscovery.readers.NestedLibraryModReader from loader-4.0.38.jar
[10Juni2026 13:21:43.656] [main/DEBUG] [net.neoforged.fml.util.ServiceLoaderUtil/CORE]: Found 1 implementations of IDependencyLocator:
[10Juni2026 13:21:43.657] [main/DEBUG] [net.neoforged.fml.util.ServiceLoaderUtil/CORE]: 	       0 - net.neoforged.fml.loading.moddiscovery.locators.JarInJarDependencyLocator from loader-4.0.38.jar
[10Juni2026 13:21:43.799] [main/DEBUG] [net.neoforged.fml.loading.moddiscovery.ModFileInfo/LOADING]: Found valid mod file neoforge-21.1.139.jar with {minecraft} mods - versions {1.21.1}
[10Juni2026 13:21:43.812] [main/DEBUG] [net.neoforged.fml.loading.moddiscovery.ModFileParser/LOADING]: Considering mod file candidate F:\Games\MODS\crafts_construct\build\moddev\artifacts\neoforge-21.1.139.jar
[10Juni2026 13:21:43.833] [main/DEBUG] [net.neoforged.fml.loading.moddiscovery.ModFileInfo/LOADING]: Found valid mod file neoforge-21.1.139.jar with {neoforge} mods - versions {21.1.139}
[10Juni2026 13:21:43.846] [main/DEBUG] [net.neoforged.fml.loading.moddiscovery.ModFileParser/LOADING]: Considering mod file candidate F:\Games\MODS\crafts_construct\run\mods\create-1.21.1-6.0.4.jar
[10Juni2026 13:21:43.855] [main/DEBUG] [net.neoforged.fml.loading.moddiscovery.ModFileInfo/LOADING]: Found valid mod file create-1.21.1-6.0.4.jar with {create} mods - versions {6.0.4}
[10Juni2026 13:21:43.861] [main/DEBUG] [net.neoforged.fml.loading.moddiscovery.ModFileParser/LOADING]: Considering mod file candidate F:\Games\MODS\crafts_construct\run\mods\jei-1.21.1-neoforge-19.21.0.247.jar
[10Juni2026 13:21:43.866] [main/DEBUG] [net.neoforged.fml.loading.moddiscovery.ModFileInfo/LOADING]: Found valid mod file jei-1.21.1-neoforge-19.21.0.247.jar with {jei} mods - versions {19.21.0.247}
[10Juni2026 13:21:43.871] [main/DEBUG] [net.neoforged.fml.loading.moddiscovery.ModListHandler/CORE]: Found mod coordinates from lists: []
[10Juni2026 13:21:43.873] [main/DEBUG] [net.neoforged.fml.loading.moddiscovery.ModFileParser/LOADING]: Considering mod file candidate F:\Games\MODS\crafts_construct\build\classes\java\main
[10Juni2026 13:21:43.892] [main/DEBUG] [net.neoforged.fml.loading.moddiscovery.ModFileInfo/LOADING]: Found valid mod file main with {crafts_construct} mods - versions {2.0.0}
[10Juni2026 13:21:43.903] [pool-2-thread-1/INFO] [EARLYDISPLAY/]: GL info: AMD Radeon(TM) RX Vega 11 Graphics GL version 4.6.13596 Core Profile Forward-Compatible Context 20.10.44 27.20.11044.7, ATI Technologies Inc.
[10Juni2026 13:21:43.911] [main/DEBUG] [net.neoforged.fml.loading.moddiscovery.ModFileParser/LOADING]: Considering mod file candidate F:\Games\MODS\crafts_construct\build\moddev\artifacts\neoforge-21.1.139.jar
[10Juni2026 13:21:43.913] [main/DEBUG] [net.neoforged.fml.loading.moddiscovery.ModFileInfo/LOADING]: Found valid mod file neoforge-21.1.139.jar with {neoforge} mods - versions {21.1.139}
[10Juni2026 13:21:43.918] [main/DEBUG] [net.neoforged.fml.loading.moddiscovery.ModFileParser/LOADING]: Considering mod file candidate C:\Users\Lukas\.gradle\caches\modules-2\files-2.1\net.neoforged\neoforge\21.1.139\1158503542caf5b78e0057f126cad2cdd22b4e4\neoforge-21.1.139-universal.jar
[10Juni2026 13:21:43.921] [main/DEBUG] [net.neoforged.fml.loading.moddiscovery.ModFileInfo/LOADING]: Found valid mod file neoforge-21.1.139-universal.jar with {neoforge} mods - versions {21.1.139}
[10Juni2026 13:21:43.932] [main/DEBUG] [net.neoforged.fml.loading.moddiscovery.ModFileParser/LOADING]: Considering mod file candidate C:\Users\Lukas\.gradle\caches\modules-2\files-2.1\com.simibubi.create\create-1.21.1\6.0.4-55\5b8ced225822d008635c08b5cfc93ea042ada504\create-1.21.1-6.0.4-55.jar
[10Juni2026 13:21:43.936] [main/DEBUG] [net.neoforged.fml.loading.moddiscovery.ModFileInfo/LOADING]: Found valid mod file create-1.21.1-6.0.4-55.jar with {create} mods - versions {6.0.4}
[10Juni2026 13:21:43.943] [main/DEBUG] [net.neoforged.fml.loading.moddiscovery.ModFileParser/LOADING]: Considering mod file candidate C:\Users\Lukas\.gradle\caches\modules-2\files-2.1\net.createmod.ponder\Ponder-NeoForge-1.21.1\1.0.39\73f36f4d732782aef8bb15a3010df3abc5cc9a1d\Ponder-NeoForge-1.21.1-1.0.39.jar
[10Juni2026 13:21:43.945] [main/DEBUG] [net.neoforged.fml.loading.moddiscovery.ModFileInfo/LOADING]: Found valid mod file Ponder-NeoForge-1.21.1-1.0.39.jar with {ponder} mods - versions {1.0.39}
[10Juni2026 13:21:43.950] [main/DEBUG] [net.neoforged.fml.loading.moddiscovery.ModFileParser/LOADING]: Considering mod file candidate C:\Users\Lukas\.gradle\caches\modules-2\files-2.1\dev.engine-room.flywheel\flywheel-neoforge-1.21.1\1.0.1-11\1bb379d899645a08077f3b799fa17efb68c20c40\flywheel-neoforge-1.21.1-1.0.1-11.jar
[10Juni2026 13:21:43.953] [main/DEBUG] [net.neoforged.fml.loading.moddiscovery.ModFileInfo/LOADING]: Found valid mod file flywheel-neoforge-1.21.1-1.0.1-11.jar with {flywheel} mods - versions {1.0.1-11}
[10Juni2026 13:21:44.006] [main/DEBUG] [net.neoforged.fml.loading.moddiscovery.ModDiscoverer/]: Skipping C:\Users\Lukas\.gradle\caches\modules-2\files-2.1\net.neoforged.fancymodloader\earlydisplay\4.0.38\4b040bd68cf05bc5f6025161e4187fcfd6168241\earlydisplay-4.0.38.jar because it was already located earlier
[10Juni2026 13:21:44.006] [main/DEBUG] [net.neoforged.fml.loading.moddiscovery.ModDiscoverer/]: Skipping C:\Users\Lukas\.gradle\caches\modules-2\files-2.1\net.neoforged.fancymodloader\loader\4.0.38\93c846ca0115811833d7f7351641f11aebf88ff4\loader-4.0.38.jar because it was already located earlier
[10Juni2026 13:21:44.006] [main/DEBUG] [net.neoforged.fml.loading.moddiscovery.ModDiscoverer/]: Skipping C:\Users\Lukas\.gradle\caches\modules-2\files-2.1\net.neoforged\coremods\7.0.3\9147e6f638b4272b3bd5fc8f92ad37802512c6c\coremods-7.0.3.jar because it was already located earlier
[10Juni2026 13:21:44.007] [main/DEBUG] [net.neoforged.fml.loading.moddiscovery.ModDiscoverer/]: Skipping C:\Users\Lukas\.gradle\caches\modules-2\files-2.1\cpw.mods\modlauncher\11.0.4\6619d4812a3c092310d521ebc4c9503727563df7\modlauncher-11.0.4.jar because it was already located earlier
[10Juni2026 13:21:44.007] [main/DEBUG] [net.neoforged.fml.loading.moddiscovery.ModDiscoverer/]: Skipping C:\Users\Lukas\.gradle\caches\modules-2\files-2.1\net.neoforged.accesstransformers\at-modlauncher\10.0.1\5aba50202aceead086bc09fbc2751c9f05cb4890\at-modlauncher-10.0.1.jar because it was already located earlier
[10Juni2026 13:21:44.007] [main/DEBUG] [net.neoforged.fml.loading.moddiscovery.ModDiscoverer/]: Skipping C:\Users\Lukas\.gradle\caches\modules-2\files-2.1\net.neoforged\accesstransformers\10.0.1\fd83b5725f76eae9115e9355fa1c456a6a441400\accesstransformers-10.0.1.jar because it was already located earlier
[10Juni2026 13:21:44.007] [main/DEBUG] [net.neoforged.fml.loading.moddiscovery.ModDiscoverer/]: Skipping C:\Users\Lukas\.gradle\caches\modules-2\files-2.1\org.openjdk.nashorn\nashorn-core\15.4\f67f5ffaa5f5130cf6fb9b133da00c7df3b532a5\nashorn-core-15.4.jar because it was already located earlier
[10Juni2026 13:21:44.007] [main/DEBUG] [net.neoforged.fml.loading.moddiscovery.ModDiscoverer/]: Skipping C:\Users\Lukas\.gradle\caches\modules-2\files-2.1\net.neoforged\mergetool\2.0.3\1275202cbbb248f49345cf6787ce299afd9a02fb\mergetool-2.0.3-api.jar because it was already located earlier
[10Juni2026 13:21:44.007] [main/DEBUG] [net.neoforged.fml.loading.moddiscovery.ModDiscoverer/]: Skipping C:\Users\Lukas\.gradle\caches\modules-2\files-2.1\net.neoforged\bus\8.0.2\163c9ef7c4bcca6d850c34e95261b606af91fe06\bus-8.0.2.jar because it was already located earlier
[10Juni2026 13:21:44.013] [main/DEBUG] [net.neoforged.fml.loading.moddiscovery.ModDiscoverer/]: Skipping C:\Users\Lukas\.gradle\caches\modules-2\files-2.1\com.electronwill.night-config\toml\3.8.0\861dbcf2757dd6701c98b3949198549ccb5f62ff\toml-3.8.0.jar because it was already located earlier
[10Juni2026 13:21:44.013] [main/DEBUG] [net.neoforged.fml.loading.moddiscovery.ModDiscoverer/]: Skipping C:\Users\Lukas\.gradle\caches\modules-2\files-2.1\com.electronwill.night-config\core\3.8.0\2498dd2b3120dd49e963e2feab8fa5d0c5f80e0a\core-3.8.0.jar because it was already located earlier
[10Juni2026 13:21:44.013] [main/DEBUG] [net.neoforged.fml.loading.moddiscovery.ModDiscoverer/]: Skipping C:\Users\Lukas\.gradle\caches\modules-2\files-2.1\net.neoforged\JarJarSelector\0.4.1\fb3cc7a58af22ad2880adb98af6d518128c47dae\JarJarSelector-0.4.1.jar because it was already located earlier
[10Juni2026 13:21:44.013] [main/DEBUG] [net.neoforged.fml.loading.moddiscovery.ModDiscoverer/]: Skipping C:\Users\Lukas\.gradle\caches\modules-2\files-2.1\net.neoforged\JarJarMetadata\0.4.1\f8da03683dc81694556dc3e177c5e3bb77ae6fcb\JarJarMetadata-0.4.1.jar because it was already located earlier
[10Juni2026 13:21:44.013] [main/DEBUG] [net.neoforged.fml.loading.moddiscovery.ModDiscoverer/]: Skipping C:\Users\Lukas\.gradle\caches\modules-2\files-2.1\org.apache.maven\maven-artifact\3.8.5\4433f50c07debefaed0553bd0068f4f48d449313\maven-artifact-3.8.5.jar because it was already located earlier
[10Juni2026 13:21:44.014] [main/DEBUG] [net.neoforged.fml.loading.moddiscovery.ModDiscoverer/]: Skipping C:\Users\Lukas\.gradle\caches\modules-2\files-2.1\net.jodah\typetools\0.6.3\a01aaa6ddaea9ec07ec4f209487b7a46a526283a\typetools-0.6.3.jar because it was already located earlier
[10Juni2026 13:21:44.014] [main/DEBUG] [net.neoforged.fml.loading.moddiscovery.ModDiscoverer/]: Skipping C:\Users\Lukas\.gradle\caches\modules-2\files-2.1\net.minecrell\terminalconsoleappender\1.3.0\b562e9bb61235c9520e26282cdee71f8f802d1fc\terminalconsoleappender-1.3.0.jar because it was already located earlier
[10Juni2026 13:21:44.014] [main/DEBUG] [net.neoforged.fml.loading.moddiscovery.ModDiscoverer/]: Skipping C:\Users\Lukas\.gradle\caches\modules-2\files-2.1\net.fabricmc\sponge-mixin\0.15.2+mixin.0.8.7\2af2f021d8e02a0220dc27a7a72b4666d66d44ca\sponge-mixin-0.15.2+mixin.0.8.7.jar because it was already located earlier
[10Juni2026 13:21:44.014] [main/DEBUG] [net.neoforged.fml.loading.moddiscovery.ModDiscoverer/]: Skipping C:\Users\Lukas\.gradle\caches\modules-2\files-2.1\org.apache.commons\commons-lang3\3.14.0\1ed471194b02f2c6cb734a0cd6f6f107c673afae\commons-lang3-3.14.0.jar because it was already located earlier
[10Juni2026 13:21:44.014] [main/DEBUG] [net.neoforged.fml.loading.moddiscovery.ModDiscoverer/]: Skipping C:\Users\Lukas\.gradle\caches\modules-2\files-2.1\com.mojang\logging\1.2.7\24cb95ffb0e3433fd6e844c04e68009e504ca1c0\logging-1.2.7.jar because it was already located earlier
[10Juni2026 13:21:44.016] [main/DEBUG] [net.neoforged.fml.loading.moddiscovery.ModDiscoverer/]: Skipping C:\Users\Lukas\.gradle\caches\modules-2\files-2.1\org.apache.logging.log4j\log4j-slf4j2-impl\2.22.1\d7e6693c2606cb7e7335047d7bb96dec52db5665\log4j-slf4j2-impl-2.22.1.jar because it was already located earlier
[10Juni2026 13:21:44.017] [main/DEBUG] [net.neoforged.fml.loading.moddiscovery.ModDiscoverer/]: Skipping C:\Users\Lukas\.gradle\caches\modules-2\files-2.1\org.apache.logging.log4j\log4j-core\2.22.1\7183a25510a02ad00cc6a95d3b3d2a7d3c5a8dc4\log4j-core-2.22.1.jar because it was already located earlier
[10Juni2026 13:21:44.017] [main/DEBUG] [net.neoforged.fml.loading.moddiscovery.ModDiscoverer/]: Skipping C:\Users\Lukas\.gradle\caches\modules-2\files-2.1\org.apache.logging.log4j\log4j-api\2.22.1\bea6fede6328fabafd7e68363161a7ea6605abd1\log4j-api-2.22.1.jar because it was already located earlier
[10Juni2026 13:21:44.018] [main/DEBUG] [net.neoforged.fml.loading.moddiscovery.ModDiscoverer/]: Skipping C:\Users\Lukas\.gradle\caches\modules-2\files-2.1\net.sf.jopt-simple\jopt-simple\5.0.4\4fdac2fbe92dfad86aa6e9301736f6b4342a3f5c\jopt-simple-5.0.4.jar because it was already located earlier
[10Juni2026 13:21:44.018] [main/DEBUG] [net.neoforged.fml.loading.moddiscovery.ModDiscoverer/]: Skipping C:\Users\Lukas\.gradle\caches\modules-2\files-2.1\commons-io\commons-io\2.15.1\f11560da189ab563a5c8e351941415430e9304ea\commons-io-2.15.1.jar because it was already located earlier
[10Juni2026 13:21:44.019] [main/DEBUG] [net.neoforged.fml.loading.moddiscovery.ModDiscoverer/]: Skipping C:\Users\Lukas\.gradle\caches\modules-2\files-2.1\com.google.guava\guava\32.1.2-jre\5e64ec7e056456bef3a4bc4c6fdaef71e8ab6318\guava-32.1.2-jre.jar because it was already located earlier
[10Juni2026 13:21:44.019] [main/DEBUG] [net.neoforged.fml.loading.moddiscovery.ModDiscoverer/]: Skipping C:\Users\Lukas\.gradle\caches\modules-2\files-2.1\com.google.code.gson\gson\2.10.1\b3add478d4382b78ea20b1671390a858002feb6c\gson-2.10.1.jar because it was already located earlier
[10Juni2026 13:21:44.019] [main/DEBUG] [net.neoforged.fml.loading.moddiscovery.ModDiscoverer/]: Skipping C:\Users\Lukas\.gradle\caches\modules-2\files-2.1\org.slf4j\slf4j-api\2.0.9\7cf2726fdcfbc8610f9a71fb3ed639871f315340\slf4j-api-2.0.9.jar because it was already located earlier
[10Juni2026 13:21:44.020] [main/DEBUG] [net.neoforged.fml.loading.moddiscovery.ModDiscoverer/]: Skipping C:\Users\Lukas\.gradle\caches\modules-2\files-2.1\org.antlr\antlr4-runtime\4.13.1\17125bae1d965624e265ef49552f6465a2bfa307\antlr4-runtime-4.13.1.jar because it was already located earlier
[10Juni2026 13:21:44.020] [main/DEBUG] [net.neoforged.fml.loading.moddiscovery.ModDiscoverer/]: Skipping C:\Users\Lukas\.gradle\caches\modules-2\files-2.1\net.minecraftforge\srgutils\0.4.15\ca408b131759478f164e010fae0d73997e125fb5\srgutils-0.4.15.jar because it was already located earlier
[10Juni2026 13:21:44.021] [main/DEBUG] [net.neoforged.fml.loading.moddiscovery.ModDiscoverer/]: Skipping C:\Users\Lukas\.gradle\caches\modules-2\files-2.1\org.codehaus.plexus\plexus-utils\3.3.0\cf43b5391de623b36fe066a21127baef82c64022\plexus-utils-3.3.0.jar because it was already located earlier
[10Juni2026 13:21:44.021] [main/DEBUG] [net.neoforged.fml.loading.moddiscovery.ModDiscoverer/]: Skipping C:\Users\Lukas\.gradle\caches\modules-2\files-2.1\org.jline\jline-reader\3.20.0\8f15415b022a25b473e8e16c28ae913186ffb9c4\jline-reader-3.20.0.jar because it was already located earlier
[10Juni2026 13:21:44.021] [main/DEBUG] [net.neoforged.fml.loading.moddiscovery.ModDiscoverer/]: Skipping C:\Users\Lukas\.gradle\caches\modules-2\files-2.1\com.machinezoo.noexception\noexception\1.7.1\b65330c98e38a1f915fa54a6e5eca496505e3f0a\noexception-1.7.1.jar because it was already located earlier
[10Juni2026 13:21:44.022] [main/DEBUG] [net.neoforged.fml.loading.moddiscovery.ModDiscoverer/]: Skipping C:\Users\Lukas\.gradle\caches\modules-2\files-2.1\com.github.oshi\oshi-core\6.4.10\b1d8ab82d11d92fd639b56d639f8f46f739dd5fa\oshi-core-6.4.10.jar because it was already located earlier
[10Juni2026 13:21:44.022] [main/DEBUG] [net.neoforged.fml.loading.moddiscovery.ModDiscoverer/]: Skipping C:\Users\Lukas\.gradle\caches\modules-2\files-2.1\com.google.guava\failureaccess\1.0.1\1dcf1de382a0bf95a3d8b0849546c88bac1292c9\failureaccess-1.0.1.jar because it was already located earlier
[10Juni2026 13:21:44.023] [main/DEBUG] [net.neoforged.fml.loading.moddiscovery.ModDiscoverer/]: Skipping C:\Users\Lukas\.gradle\caches\modules-2\files-2.1\com.ibm.icu\icu4j\73.2\61ad4ef7f9131fcf6d25c34b817f90d6da06c9e9\icu4j-73.2.jar because it was already located earlier
[10Juni2026 13:21:44.023] [main/DEBUG] [net.neoforged.fml.loading.moddiscovery.ModDiscoverer/]: Skipping C:\Users\Lukas\.gradle\caches\modules-2\files-2.1\com.mojang\authlib\6.0.54\de8bc95660e1b2fe8793fd427a7a10dcec5b3ea7\authlib-6.0.54.jar because it was already located earlier
[10Juni2026 13:21:44.023] [main/DEBUG] [net.neoforged.fml.loading.moddiscovery.ModDiscoverer/]: Skipping C:\Users\Lukas\.gradle\caches\modules-2\files-2.1\com.mojang\blocklist\1.0.10\5c685c5ffa94c4cd39496c7184c1d122e515ecef\blocklist-1.0.10.jar because it was already located earlier
[10Juni2026 13:21:44.023] [main/DEBUG] [net.neoforged.fml.loading.moddiscovery.ModDiscoverer/]: Skipping C:\Users\Lukas\.gradle\caches\modules-2\files-2.1\com.mojang\brigadier\1.3.10\d15b53a14cf20fdcaa98f731af5dda654452c010\brigadier-1.3.10.jar because it was already located earlier
[10Juni2026 13:21:44.023] [main/DEBUG] [net.neoforged.fml.loading.moddiscovery.ModDiscoverer/]: Skipping C:\Users\Lukas\.gradle\caches\modules-2\files-2.1\com.mojang\datafixerupper\8.0.16\67d4de6d7f95d89bcf5862995fb854ebaec02a34\datafixerupper-8.0.16.jar because it was already located earlier
[10Juni2026 13:21:44.025] [main/DEBUG] [net.neoforged.fml.loading.moddiscovery.ModDiscoverer/]: Skipping C:\Users\Lukas\.gradle\caches\modules-2\files-2.1\com.mojang\patchy\2.2.10\da05971b07cbb379d002cf7eaec6a2048211fefc\patchy-2.2.10.jar because it was already located earlier
[10Juni2026 13:21:44.025] [main/DEBUG] [net.neoforged.fml.loading.moddiscovery.ModDiscoverer/]: Skipping C:\Users\Lukas\.gradle\caches\modules-2\files-2.1\com.mojang\text2speech\1.17.9\3cad216e3a7f0c19b4b394388bc9ffc446f13b14\text2speech-1.17.9.jar because it was already located earlier
[10Juni2026 13:21:44.025] [main/DEBUG] [net.neoforged.fml.loading.moddiscovery.ModDiscoverer/]: Skipping C:\Users\Lukas\.gradle\caches\modules-2\files-2.1\commons-codec\commons-codec\1.16.0\4e3eb3d79888d76b54e28b350915b5dc3919c9de\commons-codec-1.16.0.jar because it was already located earlier
[10Juni2026 13:21:44.026] [main/DEBUG] [net.neoforged.fml.loading.moddiscovery.ModDiscoverer/]: Skipping C:\Users\Lukas\.gradle\caches\modules-2\files-2.1\commons-logging\commons-logging\1.2\4bfc12adfe4842bf07b657f0369c4cb522955686\commons-logging-1.2.jar because it was already located earlier
[10Juni2026 13:21:44.026] [main/DEBUG] [net.neoforged.fml.loading.moddiscovery.ModDiscoverer/]: Skipping C:\Users\Lukas\.gradle\caches\modules-2\files-2.1\io.netty\netty-buffer\4.1.97.Final\f8f3d8644afa5e6e1a40a3a6aeb9d9aa970ecb4f\netty-buffer-4.1.97.Final.jar because it was already located earlier
[10Juni2026 13:21:44.026] [main/DEBUG] [net.neoforged.fml.loading.moddiscovery.ModDiscoverer/]: Skipping C:\Users\Lukas\.gradle\caches\modules-2\files-2.1\io.netty\netty-codec\4.1.97.Final\384ba4d75670befbedb45c4d3b497a93639c206d\netty-codec-4.1.97.Final.jar because it was already located earlier
[10Juni2026 13:21:44.027] [main/DEBUG] [net.neoforged.fml.loading.moddiscovery.ModDiscoverer/]: Skipping C:\Users\Lukas\.gradle\caches\modules-2\files-2.1\io.netty\netty-common\4.1.97.Final\7cceacaf11df8dc63f23d0fb58e9d4640fc88404\netty-common-4.1.97.Final.jar because it was already located earlier
[10Juni2026 13:21:44.027] [main/DEBUG] [net.neoforged.fml.loading.moddiscovery.ModDiscoverer/]: Skipping C:\Users\Lukas\.gradle\caches\modules-2\files-2.1\io.netty\netty-handler\4.1.97.Final\abb86c6906bf512bf2b797a41cd7d2e8d3cd7c36\netty-handler-4.1.97.Final.jar because it was already located earlier
[10Juni2026 13:21:44.027] [main/DEBUG] [net.neoforged.fml.loading.moddiscovery.ModDiscoverer/]: Skipping C:\Users\Lukas\.gradle\caches\modules-2\files-2.1\io.netty\netty-resolver\4.1.97.Final\cec8348108dc76c47cf87c669d514be52c922144\netty-resolver-4.1.97.Final.jar because it was already located earlier
[10Juni2026 13:21:44.027] [main/DEBUG] [net.neoforged.fml.loading.moddiscovery.ModDiscoverer/]: Skipping C:\Users\Lukas\.gradle\caches\modules-2\files-2.1\io.netty\netty-transport-classes-epoll\4.1.97.Final\795da37ded759e862457a82d9d92c4d39ce8ecee\netty-transport-classes-epoll-4.1.97.Final.jar because it was already located earlier
[10Juni2026 13:21:44.028] [main/DEBUG] [net.neoforged.fml.loading.moddiscovery.ModDiscoverer/]: Skipping C:\Users\Lukas\.gradle\caches\modules-2\files-2.1\io.netty\netty-transport-native-unix-common\4.1.97.Final\d469d84265ab70095b01b40886cabdd433b6e664\netty-transport-native-unix-common-4.1.97.Final.jar because it was already located earlier
[10Juni2026 13:21:44.028] [main/DEBUG] [net.neoforged.fml.loading.moddiscovery.ModDiscoverer/]: Skipping C:\Users\Lukas\.gradle\caches\modules-2\files-2.1\io.netty\netty-transport\4.1.97.Final\f37380d23c9bb079bc702910833b2fd532c9abd0\netty-transport-4.1.97.Final.jar because it was already located earlier
[10Juni2026 13:21:44.028] [main/DEBUG] [net.neoforged.fml.loading.moddiscovery.ModDiscoverer/]: Skipping C:\Users\Lukas\.gradle\caches\modules-2\files-2.1\it.unimi.dsi\fastutil\8.5.12\c24946d46824bd528054bface3231d2ecb7e95e8\fastutil-8.5.12.jar because it was already located earlier
[10Juni2026 13:21:44.029] [main/DEBUG] [net.neoforged.fml.loading.moddiscovery.ModDiscoverer/]: Skipping C:\Users\Lukas\.gradle\caches\modules-2\files-2.1\net.java.dev.jna\jna-platform\5.14.0\28934d48aed814f11e4c584da55c49fa7032b31b\jna-platform-5.14.0.jar because it was already located earlier
[10Juni2026 13:21:44.029] [main/DEBUG] [net.neoforged.fml.loading.moddiscovery.ModDiscoverer/]: Skipping C:\Users\Lukas\.gradle\caches\modules-2\files-2.1\net.java.dev.jna\jna\5.14.0\67bf3eaea4f0718cb376a181a629e5f88fa1c9dd\jna-5.14.0.jar because it was already located earlier
[10Juni2026 13:21:44.029] [main/DEBUG] [net.neoforged.fml.loading.moddiscovery.ModDiscoverer/]: Skipping C:\Users\Lukas\.gradle\caches\modules-2\files-2.1\org.apache.commons\commons-compress\1.26.0\659feffdd12280201c8aacb8f7be94f9a883c824\commons-compress-1.26.0.jar because it was already located earlier
[10Juni2026 13:21:44.030] [main/DEBUG] [net.neoforged.fml.loading.moddiscovery.ModDiscoverer/]: Skipping C:\Users\Lukas\.gradle\caches\modules-2\files-2.1\org.apache.httpcomponents\httpclient\4.5.13\e5f6cae5ca7ecaac1ec2827a9e2d65ae2869cada\httpclient-4.5.13.jar because it was already located earlier
[10Juni2026 13:21:44.030] [main/DEBUG] [net.neoforged.fml.loading.moddiscovery.ModDiscoverer/]: Skipping C:\Users\Lukas\.gradle\caches\modules-2\files-2.1\org.apache.httpcomponents\httpcore\4.4.16\51cf043c87253c9f58b539c9f7e44c8894223850\httpcore-4.4.16.jar because it was already located earlier
[10Juni2026 13:21:44.030] [main/DEBUG] [net.neoforged.fml.loading.moddiscovery.ModDiscoverer/]: Skipping C:\Users\Lukas\.gradle\caches\modules-2\files-2.1\org.jcraft\jorbis\0.0.17\8872d22b293e8f5d7d56ff92be966e6dc28ebdc6\jorbis-0.0.17.jar because it was already located earlier
[10Juni2026 13:21:44.030] [main/DEBUG] [net.neoforged.fml.loading.moddiscovery.ModDiscoverer/]: Skipping C:\Users\Lukas\.gradle\caches\modules-2\files-2.1\org.joml\joml\1.10.5\22566d58af70ad3d72308bab63b8339906deb649\joml-1.10.5.jar because it was already located earlier
[10Juni2026 13:21:44.030] [main/DEBUG] [net.neoforged.fml.loading.moddiscovery.ModDiscoverer/]: Skipping C:\Users\Lukas\.gradle\caches\modules-2\files-2.1\org.lwjgl\lwjgl-freetype\3.3.3\a0db6c84a8becc8ca05f9dbfa985edc348a824c7\lwjgl-freetype-3.3.3.jar because it was already located earlier
[10Juni2026 13:21:44.041] [main/DEBUG] [net.neoforged.fml.loading.moddiscovery.ModDiscoverer/]: Skipping C:\Users\Lukas\.gradle\caches\modules-2\files-2.1\org.lwjgl\lwjgl-freetype\3.3.3\15a8c1de7f51d07a92eae7ce1222557073a0c0c3\lwjgl-freetype-3.3.3-natives-windows-x86.jar because it was already located earlier
[10Juni2026 13:21:44.042] [main/DEBUG] [net.neoforged.fml.loading.moddiscovery.ModDiscoverer/]: Skipping C:\Users\Lukas\.gradle\caches\modules-2\files-2.1\org.lwjgl\lwjgl-glfw\3.3.3\efa1eb78c5ccd840e9f329717109b5e892d72f8e\lwjgl-glfw-3.3.3.jar because it was already located earlier
[10Juni2026 13:21:44.052] [main/DEBUG] [net.neoforged.fml.loading.moddiscovery.ModDiscoverer/]: Skipping C:\Users\Lukas\.gradle\caches\modules-2\files-2.1\org.lwjgl\lwjgl-glfw\3.3.3\32334f3fd5270a59bad9939a93115acb6de36dcf\lwjgl-glfw-3.3.3-natives-windows-x86.jar because it was already located earlier
[10Juni2026 13:21:44.052] [main/DEBUG] [net.neoforged.fml.loading.moddiscovery.ModDiscoverer/]: Skipping C:\Users\Lukas\.gradle\caches\modules-2\files-2.1\org.lwjgl\lwjgl-jemalloc\3.3.3\b543467b7ff3c6920539a88ee602d34098628be5\lwjgl-jemalloc-3.3.3.jar because it was already located earlier
[10Juni2026 13:21:44.052] [main/DEBUG] [net.neoforged.fml.loading.moddiscovery.ModDiscoverer/]: Skipping C:\Users\Lukas\.gradle\caches\modules-2\files-2.1\org.lwjgl\lwjgl-jemalloc\3.3.3\426222fc027602a5f21b9c0fe79cde6a4c7a011f\lwjgl-jemalloc-3.3.3-natives-windows.jar because it was already located earlier
[10Juni2026 13:21:44.061] [main/DEBUG] [net.neoforged.fml.loading.moddiscovery.ModDiscoverer/]: Skipping C:\Users\Lukas\.gradle\caches\modules-2\files-2.1\org.lwjgl\lwjgl-openal\3.3.3\daada81ceb5fc0c291fbfdd4433cb8d9423577f2\lwjgl-openal-3.3.3.jar because it was already located earlier
[10Juni2026 13:21:44.075] [main/DEBUG] [net.neoforged.fml.loading.moddiscovery.ModDiscoverer/]: Skipping C:\Users\Lukas\.gradle\caches\modules-2\files-2.1\org.lwjgl\lwjgl-openal\3.3.3\87b8d5050e3adb46bb58fe1cb2669a4a48fce10d\lwjgl-openal-3.3.3-natives-windows-x86.jar because it was already located earlier
[10Juni2026 13:21:44.075] [main/DEBUG] [net.neoforged.fml.loading.moddiscovery.ModDiscoverer/]: Skipping C:\Users\Lukas\.gradle\caches\modules-2\files-2.1\org.lwjgl\lwjgl-opengl\3.3.3\2f6b0147078396a58979125a4c947664e98293a\lwjgl-opengl-3.3.3.jar because it was already located earlier
[10Juni2026 13:21:44.085] [main/DEBUG] [net.neoforged.fml.loading.moddiscovery.ModDiscoverer/]: Skipping C:\Users\Lukas\.gradle\caches\modules-2\files-2.1\org.lwjgl\lwjgl-opengl\3.3.3\65e956d3735a1abdc82eff4baec1b61174697d4b\lwjgl-opengl-3.3.3-natives-windows-arm64.jar because it was already located earlier
[10Juni2026 13:21:44.098] [main/DEBUG] [net.neoforged.fml.loading.moddiscovery.ModDiscoverer/]: Skipping C:\Users\Lukas\.gradle\caches\modules-2\files-2.1\org.lwjgl\lwjgl-stb\3.3.3\25dd6161988d7e65f71d5065c99902402ee32746\lwjgl-stb-3.3.3.jar because it was already located earlier
[10Juni2026 13:21:44.098] [main/DEBUG] [net.neoforged.fml.loading.moddiscovery.ModDiscoverer/]: Skipping C:\Users\Lukas\.gradle\caches\modules-2\files-2.1\org.lwjgl\lwjgl-stb\3.3.3\1d9facdf6541de114b0f963be33505b7679c78cb\lwjgl-stb-3.3.3-natives-windows.jar because it was already located earlier
[10Juni2026 13:21:44.113] [main/DEBUG] [net.neoforged.fml.loading.moddiscovery.ModDiscoverer/]: Skipping C:\Users\Lukas\.gradle\caches\modules-2\files-2.1\org.lwjgl\lwjgl-tinyfd\3.3.3\82d755ca94b102e9ca77283b9e2dc46d1b15fbe5\lwjgl-tinyfd-3.3.3.jar because it was already located earlier
[10Juni2026 13:21:44.113] [main/DEBUG] [net.neoforged.fml.loading.moddiscovery.ModDiscoverer/]: Skipping C:\Users\Lukas\.gradle\caches\modules-2\files-2.1\org.lwjgl\lwjgl-tinyfd\3.3.3\a6697981b0449a5087c1d546fc08b4f73e8f98c9\lwjgl-tinyfd-3.3.3-natives-windows.jar because it was already located earlier
[10Juni2026 13:21:44.131] [main/DEBUG] [net.neoforged.fml.loading.moddiscovery.ModDiscoverer/]: Skipping C:\Users\Lukas\.gradle\caches\modules-2\files-2.1\org.lwjgl\lwjgl\3.3.3\29589b5f87ed335a6c7e7ee6a5775f81f97ecb84\lwjgl-3.3.3.jar because it was already located earlier
[10Juni2026 13:21:44.148] [main/DEBUG] [net.neoforged.fml.loading.moddiscovery.ModDiscoverer/]: Skipping C:\Users\Lukas\.gradle\caches\modules-2\files-2.1\org.lwjgl\lwjgl\3.3.3\9e670718e050aeaeea0c2d5b907cffb142f2e58f\lwjgl-3.3.3-natives-windows-x86.jar because it was already located earlier
[10Juni2026 13:21:44.148] [main/DEBUG] [net.neoforged.fml.loading.moddiscovery.ModDiscoverer/]: Skipping C:\Users\Lukas\.gradle\caches\modules-2\files-2.1\org.lz4\lz4-java\1.8.0\4b986a99445e49ea5fbf5d149c4b63f6ed6c6780\lz4-java-1.8.0.jar because it was already located earlier
[10Juni2026 13:21:44.148] [main/DEBUG] [net.neoforged.fml.loading.moddiscovery.ModDiscoverer/]: Skipping C:\Users\Lukas\.gradle\caches\modules-2\files-2.1\org.jline\jline-terminal\3.20.0\d0ddcc708ddf527a3454c941b7b9225cc83a15ff\jline-terminal-3.20.0.jar because it was already located earlier
[10Juni2026 13:21:44.150] [main/DEBUG] [net.neoforged.fml.loading.moddiscovery.ModDiscoverer/]: Skipping C:\Users\Lukas\.gradle\caches\modules-2\files-2.1\com.google.guava\listenablefuture\9999.0-empty-to-avoid-conflict-with-guava\b421526c5f297295adef1c886e5246c39d4ac629\listenablefuture-9999.0-empty-to-avoid-conflict-with-guava.jar because it was already located earlier
[10Juni2026 13:21:44.150] [main/DEBUG] [net.neoforged.fml.loading.moddiscovery.ModDiscoverer/]: Skipping C:\Users\Lukas\.gradle\caches\modules-2\files-2.1\com.google.code.findbugs\jsr305\3.0.2\25ea2e8b0c338a877313bd4672d3fe056ea78f0d\jsr305-3.0.2.jar because it was already located earlier
[10Juni2026 13:21:44.150] [main/DEBUG] [net.neoforged.fml.loading.moddiscovery.ModDiscoverer/]: Skipping C:\Users\Lukas\.gradle\caches\modules-2\files-2.1\org.checkerframework\checker-qual\3.33.0\de2b60b62da487644fc11f734e73c8b0b431238f\checker-qual-3.33.0.jar because it was already located earlier
[10Juni2026 13:21:44.150] [main/DEBUG] [net.neoforged.fml.loading.moddiscovery.ModDiscoverer/]: Skipping C:\Users\Lukas\.gradle\caches\modules-2\files-2.1\com.google.errorprone\error_prone_annotations\2.18.0\89b684257096f548fa39a7df9fdaa409d4d4df91\error_prone_annotations-2.18.0.jar because it was already located earlier
[10Juni2026 13:21:44.151] [main/DEBUG] [net.neoforged.fml.loading.moddiscovery.ModDiscoverer/]: Skipping C:\Users\Lukas\.gradle\caches\modules-2\files-2.1\com.google.j2objc\j2objc-annotations\2.8\c85270e307e7b822f1086b93689124b89768e273\j2objc-annotations-2.8.jar because it was already located earlier
[10Juni2026 13:21:44.153] [main/DEBUG] [net.neoforged.fml.loading.UniqueModListBuilder/]: Found 2 mods for first modid create, selecting most recent based on version data
[10Juni2026 13:21:44.156] [main/DEBUG] [net.neoforged.fml.loading.UniqueModListBuilder/]: Selected file create-1.21.1-6.0.4.jar for modid create with version 6.0.4
[10Juni2026 13:21:44.157] [main/DEBUG] [net.neoforged.fml.loading.UniqueModListBuilder/]: Found 3 mods for first modid neoforge, selecting most recent based on version data
[10Juni2026 13:21:44.157] [main/DEBUG] [net.neoforged.fml.loading.UniqueModListBuilder/]: Selected file neoforge-21.1.139.jar for modid neoforge with version 21.1.139
[10Juni2026 13:21:44.357] [main/DEBUG] [net.neoforged.fml.loading.moddiscovery.ModFileParser/LOADING]: Considering mod file candidate 
[10Juni2026 13:21:44.361] [main/DEBUG] [net.neoforged.fml.loading.moddiscovery.ModFileInfo/LOADING]: Found valid mod file flywheel-neoforge-1.21.1-1.0.2.jar with {flywheel} mods - versions {1.0.2}
[10Juni2026 13:21:44.391] [main/DEBUG] [net.neoforged.fml.loading.moddiscovery.ModFileParser/LOADING]: Considering mod file candidate 
[10Juni2026 13:21:44.395] [main/DEBUG] [net.neoforged.fml.loading.moddiscovery.ModFileInfo/LOADING]: Found valid mod file Ponder-NeoForge-1.21.1-1.0.46.jar with {ponder} mods - versions {1.0.46}
[10Juni2026 13:21:44.521] [main/DEBUG] [net.neoforged.fml.loading.moddiscovery.ModFileParser/LOADING]: Considering mod file candidate 
[10Juni2026 13:21:44.526] [main/DEBUG] [net.neoforged.fml.loading.moddiscovery.ModFileInfo/LOADING]: Found valid mod file Ponder-NeoForge-1.21.1-1.0.46.jar with {ponder} mods - versions {1.0.46}
[10Juni2026 13:21:44.539] [main/DEBUG] [net.neoforged.fml.loading.moddiscovery.ModFileParser/LOADING]: Considering mod file candidate 
[10Juni2026 13:21:44.542] [main/DEBUG] [net.neoforged.fml.loading.moddiscovery.ModFileInfo/LOADING]: Found valid mod file flywheel-neoforge-1.21.1-1.0.2.jar with {flywheel} mods - versions {1.0.2}
[10Juni2026 13:21:44.548] [main/WARN] [net.neoforged.jarjar.selection.JarSelector/]: Attempted to select a dependency jar for JarJar which was passed in as source: flywheel. Using Mod File: C:\Users\Lukas\.gradle\caches\modules-2\files-2.1\dev.engine-room.flywheel\flywheel-neoforge-1.21.1\1.0.1-11\1bb379d899645a08077f3b799fa17efb68c20c40\flywheel-neoforge-1.21.1-1.0.1-11.jar
[10Juni2026 13:21:44.548] [main/WARN] [net.neoforged.jarjar.selection.JarSelector/]: Attempted to select a dependency jar for JarJar which was passed in as source: ponder. Using Mod File: C:\Users\Lukas\.gradle\caches\modules-2\files-2.1\net.createmod.ponder\Ponder-NeoForge-1.21.1\1.0.39\73f36f4d732782aef8bb15a3010df3abc5cc9a1d\Ponder-NeoForge-1.21.1-1.0.39.jar
[10Juni2026 13:21:44.548] [main/WARN] [net.neoforged.jarjar.selection.JarSelector/]: Attempted to select a dependency jar for JarJar which was passed in as source: library:Registrate.MC1._21._62. Using Mod File: C:\Users\Lukas\.gradle\caches\modules-2\files-2.1\com.tterrag.registrate\Registrate\MC1.21-1.3.0+62\e8ca9c96f9e3535e4dbf2e57699e0d1c7783fec2\Registrate-MC1.21-1.3.0+62.jar
[10Juni2026 13:21:44.550] [main/INFO] [net.neoforged.fml.loading.moddiscovery.locators.JarInJarDependencyLocator/]: Found 2 dependencies adding them to mods collection
[10Juni2026 13:21:44.553] [main/INFO] [net.neoforged.fml.loading.moddiscovery.ModDiscoverer/]: 
     Mod List:
		Name Version (Mod Id)

		Create 6.0.4 (create)
		Create: Crafts & Construct 2.0.0 (crafts_construct)
		Flywheel 1.0.1-11 (flywheel)
		Just Enough Items 19.21.0.247 (jei)
		Minecraft 1.21.1 (minecraft)
		NeoForge 21.1.139 (neoforge)
		Ponder 1.0.39 (ponder)
[10Juni2026 13:21:44.554] [main/DEBUG] [net.neoforged.fml.loading.moddiscovery.ModFileInfo/LOADING]: Found valid mod file neoforge-21.1.139.jar with {minecraft} mods - versions {1.21.1}
[10Juni2026 13:21:44.558] [main/DEBUG] [net.neoforged.fml.loading.moddiscovery.ModFile/LOADING]: Loading mod file F:\Games\MODS\crafts_construct\build\moddev\artifacts\neoforge-21.1.139.jar with languages [LanguageSpec[languageName=minecraft, acceptedVersions=1]]
[10Juni2026 13:21:44.562] [main/DEBUG] [net.neoforged.fml.loading.moddiscovery.ModFileParser/LOADING]: Considering mod file candidate C:\Users\Lukas\.gradle\caches\modules-2\files-2.1\dev.engine-room.flywheel\flywheel-neoforge-1.21.1\1.0.1-11\1bb379d899645a08077f3b799fa17efb68c20c40\flywheel-neoforge-1.21.1-1.0.1-11.jar
[10Juni2026 13:21:44.564] [main/DEBUG] [net.neoforged.fml.loading.moddiscovery.ModFileInfo/LOADING]: Found valid mod file flywheel-neoforge-1.21.1-1.0.1-11.jar with {flywheel} mods - versions {1.0.1-11}
[10Juni2026 13:21:44.565] [main/DEBUG] [net.neoforged.fml.loading.moddiscovery.ModFile/LOADING]: Loading mod file C:\Users\Lukas\.gradle\caches\modules-2\files-2.1\dev.engine-room.flywheel\flywheel-neoforge-1.21.1\1.0.1-11\1bb379d899645a08077f3b799fa17efb68c20c40\flywheel-neoforge-1.21.1-1.0.1-11.jar with languages [LanguageSpec[languageName=javafml, acceptedVersions=[0,)]]
[10Juni2026 13:21:44.567] [main/DEBUG] [net.neoforged.fml.loading.moddiscovery.ModFile/LOADING]: Found mixin config MixinConfig[config=flywheel.backend.mixins.json, requiredMods=[]]
[10Juni2026 13:21:44.567] [main/DEBUG] [net.neoforged.fml.loading.moddiscovery.ModFile/LOADING]: Found mixin config MixinConfig[config=flywheel.impl.mixins.json, requiredMods=[]]
[10Juni2026 13:21:44.567] [main/DEBUG] [net.neoforged.fml.loading.moddiscovery.ModFileParser/LOADING]: Considering mod file candidate F:\Games\MODS\crafts_construct\run\mods\create-1.21.1-6.0.4.jar
[10Juni2026 13:21:44.571] [main/DEBUG] [net.neoforged.fml.loading.moddiscovery.ModFileInfo/LOADING]: Found valid mod file create-1.21.1-6.0.4.jar with {create} mods - versions {6.0.4}
[10Juni2026 13:21:44.571] [main/DEBUG] [net.neoforged.fml.loading.moddiscovery.ModFile/LOADING]: Loading mod file F:\Games\MODS\crafts_construct\run\mods\create-1.21.1-6.0.4.jar with languages [LanguageSpec[languageName=javafml, acceptedVersions=[0,)]]
[10Juni2026 13:21:44.572] [main/DEBUG] [net.neoforged.fml.loading.moddiscovery.ModFile/LOADING]: Found mixin config MixinConfig[config=create.mixins.json, requiredMods=[]]
[10Juni2026 13:21:44.572] [main/DEBUG] [net.neoforged.fml.loading.moddiscovery.ModFileParser/LOADING]: Considering mod file candidate C:\Users\Lukas\.gradle\caches\modules-2\files-2.1\net.createmod.ponder\Ponder-NeoForge-1.21.1\1.0.39\73f36f4d732782aef8bb15a3010df3abc5cc9a1d\Ponder-NeoForge-1.21.1-1.0.39.jar
[10Juni2026 13:21:44.574] [main/DEBUG] [net.neoforged.fml.loading.moddiscovery.ModFileInfo/LOADING]: Found valid mod file Ponder-NeoForge-1.21.1-1.0.39.jar with {ponder} mods - versions {1.0.39}
[10Juni2026 13:21:44.574] [main/DEBUG] [net.neoforged.fml.loading.moddiscovery.ModFile/LOADING]: Loading mod file C:\Users\Lukas\.gradle\caches\modules-2\files-2.1\net.createmod.ponder\Ponder-NeoForge-1.21.1\1.0.39\73f36f4d732782aef8bb15a3010df3abc5cc9a1d\Ponder-NeoForge-1.21.1-1.0.39.jar with languages [LanguageSpec[languageName=javafml, acceptedVersions=[0,)]]
[10Juni2026 13:21:44.576] [main/DEBUG] [net.neoforged.fml.loading.moddiscovery.ModFile/LOADING]: Found mixin config MixinConfig[config=ponder.mixins.json, requiredMods=[]]
[10Juni2026 13:21:44.576] [main/DEBUG] [net.neoforged.fml.loading.moddiscovery.ModFileParser/LOADING]: Considering mod file candidate F:\Games\MODS\crafts_construct\build\moddev\artifacts\neoforge-21.1.139.jar
[10Juni2026 13:21:44.582] [main/DEBUG] [net.neoforged.fml.loading.moddiscovery.ModFileInfo/LOADING]: Found valid mod file neoforge-21.1.139.jar with {neoforge} mods - versions {21.1.139}
[10Juni2026 13:21:44.585] [main/DEBUG] [net.neoforged.fml.loading.moddiscovery.ModFile/LOADING]: Loading mod file F:\Games\MODS\crafts_construct\build\moddev\artifacts\neoforge-21.1.139.jar with languages [LanguageSpec[languageName=javafml, acceptedVersions=[3,]]]
[10Juni2026 13:21:44.585] [main/DEBUG] [net.neoforged.fml.loading.moddiscovery.ModFile/LOADING]: Found mixin config MixinConfig[config=neoforge.mixins.json, requiredMods=[]]
[10Juni2026 13:21:44.586] [main/DEBUG] [net.neoforged.fml.loading.moddiscovery.ModFileParser/LOADING]: Considering mod file candidate F:\Games\MODS\crafts_construct\run\mods\jei-1.21.1-neoforge-19.21.0.247.jar
[10Juni2026 13:21:44.588] [main/DEBUG] [net.neoforged.fml.loading.moddiscovery.ModFileInfo/LOADING]: Found valid mod file jei-1.21.1-neoforge-19.21.0.247.jar with {jei} mods - versions {19.21.0.247}
[10Juni2026 13:21:44.589] [main/DEBUG] [net.neoforged.fml.loading.moddiscovery.ModFile/LOADING]: Loading mod file F:\Games\MODS\crafts_construct\run\mods\jei-1.21.1-neoforge-19.21.0.247.jar with languages [LanguageSpec[languageName=javafml, acceptedVersions=[4,)]]
[10Juni2026 13:21:44.589] [main/DEBUG] [net.neoforged.fml.loading.moddiscovery.ModFileParser/LOADING]: Considering mod file candidate F:\Games\MODS\crafts_construct\build\classes\java\main
[10Juni2026 13:21:44.591] [main/DEBUG] [net.neoforged.fml.loading.moddiscovery.ModFileInfo/LOADING]: Found valid mod file main with {crafts_construct} mods - versions {2.0.0}
[10Juni2026 13:21:44.591] [main/DEBUG] [net.neoforged.fml.loading.moddiscovery.ModFile/LOADING]: Loading mod file F:\Games\MODS\crafts_construct\build\classes\java\main with languages [LanguageSpec[languageName=javafml, acceptedVersions=[1,)]]
[10Juni2026 13:21:44.592] [main/DEBUG] [net.neoforged.fml.loading.moddiscovery.ModFile/LOADING]: Found mixin config MixinConfig[config=craftsconstruct.mixins.json, requiredMods=[]]
[10Juni2026 13:21:44.592] [main/DEBUG] [net.neoforged.fml.loading.moddiscovery.ModFile/LOADING]: Loading mod file C:\Users\Lukas\.gradle\caches\modules-2\files-2.1\com.tterrag.registrate\Registrate\MC1.21-1.3.0+62\e8ca9c96f9e3535e4dbf2e57699e0d1c7783fec2\Registrate-MC1.21-1.3.0+62.jar with languages []
[10Juni2026 13:21:44.593] [main/DEBUG] [net.neoforged.fml.loading.moddiscovery.ModFile/LOADING]: Loading mod file  with languages []
[10Juni2026 13:21:44.595] [main/DEBUG] [cpw.mods.modlauncher.TransformationServiceDecorator/MODLAUNCHER]: End scan trigger - transformation service fml
[10Juni2026 13:21:44.617] [main/DEBUG] [net.neoforged.fml.util.ServiceLoaderUtil/CORE]: Found 3 implementations of IModLanguageLoader:
[10Juni2026 13:21:44.617] [main/DEBUG] [net.neoforged.fml.util.ServiceLoaderUtil/CORE]: 	net.neoforged.fml.javafmlmod.FMLJavaModLanguageProvider from loader-4.0.38.jar
[10Juni2026 13:21:44.618] [main/DEBUG] [net.neoforged.fml.util.ServiceLoaderUtil/CORE]: 	net.neoforged.fml.lowcodemod.LowCodeModLanguageProvider from loader-4.0.38.jar
[10Juni2026 13:21:44.620] [main/DEBUG] [net.neoforged.fml.util.ServiceLoaderUtil/CORE]: 	net.neoforged.fml.mclanguageprovider.MinecraftModLanguageProvider from loader-4.0.38.jar
[10Juni2026 13:21:44.622] [main/DEBUG] [net.neoforged.fml.loading.LanguageProviderLoader/CORE]: Found language provider javafml, version 4.0.38
[10Juni2026 13:21:44.623] [main/DEBUG] [net.neoforged.fml.loading.LanguageProviderLoader/CORE]: Found language provider lowcodefml, version 4.0.38
[10Juni2026 13:21:44.624] [main/DEBUG] [net.neoforged.fml.loading.LanguageProviderLoader/CORE]: Found language provider minecraft, version 4.0.38
[10Juni2026 13:21:44.635] [main/DEBUG] [net.neoforged.fml.loading.ModSorter/]: Configured system mods: [minecraft, neoforge]
[10Juni2026 13:21:44.636] [main/DEBUG] [net.neoforged.fml.loading.ModSorter/]: Found system mod: minecraft
[10Juni2026 13:21:44.636] [main/DEBUG] [net.neoforged.fml.loading.ModSorter/]: Found system mod: neoforge
[10Juni2026 13:21:44.640] [main/DEBUG] [net.neoforged.fml.loading.ModSorter/LOADING]: Found 18 mod requirements (14 mandatory, 4 optional)
[10Juni2026 13:21:44.643] [main/DEBUG] [net.neoforged.fml.loading.ModSorter/LOADING]: Found 0 mod requirements missing (0 mandatory, 0 optional)
[10Juni2026 13:21:44.901] [main/DEBUG] [mixin/]: Adding mixin platform agents for container net.neoforged.fml.loading.mixin.FMLMixinContainerHandle@11de56e6
[10Juni2026 13:21:44.901] [main/DEBUG] [mixin/]: Instancing new MixinPlatformAgentMinecraftForge for net.neoforged.fml.loading.mixin.FMLMixinContainerHandle@11de56e6
[10Juni2026 13:21:44.902] [main/DEBUG] [mixin/]: MixinPlatformAgentMinecraftForge rejected container net.neoforged.fml.loading.mixin.FMLMixinContainerHandle@11de56e6
[10Juni2026 13:21:44.902] [main/DEBUG] [mixin/]: Instancing new MixinPlatformAgentDefault for net.neoforged.fml.loading.mixin.FMLMixinContainerHandle@11de56e6
[10Juni2026 13:21:44.902] [main/DEBUG] [mixin/]: MixinPlatformAgentDefault accepted container net.neoforged.fml.loading.mixin.FMLMixinContainerHandle@11de56e6
[10Juni2026 13:21:44.903] [main/DEBUG] [mixin/]: Instancing new FMLMixinPlatformAgent for net.neoforged.fml.loading.mixin.FMLMixinContainerHandle@11de56e6
[10Juni2026 13:21:44.903] [main/DEBUG] [mixin/]: FMLMixinPlatformAgent accepted container net.neoforged.fml.loading.mixin.FMLMixinContainerHandle@11de56e6
[10Juni2026 13:21:44.920] [main/DEBUG] [cpw.mods.modlauncher.TransformationServicesHandler/MODLAUNCHER]: Transformation services loading transformers
[10Juni2026 13:21:44.924] [main/DEBUG] [cpw.mods.modlauncher.TransformationServiceDecorator/MODLAUNCHER]: Initializing transformers for transformation service mixin
[10Juni2026 13:21:44.926] [main/DEBUG] [cpw.mods.modlauncher.TransformationServiceDecorator/MODLAUNCHER]: Initialized transformers for transformation service mixin
[10Juni2026 13:21:44.926] [main/DEBUG] [cpw.mods.modlauncher.TransformationServiceDecorator/MODLAUNCHER]: Initializing transformers for transformation service fml
[10Juni2026 13:21:44.927] [main/DEBUG] [net.neoforged.fml.loading.FMLServiceProvider/LOADING]: Loading coremod transformers
[10Juni2026 13:21:44.927] [main/DEBUG] [net.neoforged.fml.loading.FMLServiceProvider/CORE]: Not loading coremod script-engine since no mod requested it
[10Juni2026 13:21:44.931] [main/DEBUG] [net.neoforged.fml.util.ServiceLoaderUtil/CORE]: Found 1 implementations of ICoreMod:
[10Juni2026 13:21:44.933] [main/DEBUG] [net.neoforged.fml.util.ServiceLoaderUtil/CORE]: 	net.neoforged.neoforge.coremods.NeoForgeCoreMod from neoforge-21.1.139.jar > neoforge-coremods-21.1.139.jar
[10Juni2026 13:21:44.955] [main/DEBUG] [net.neoforged.fml.loading.FMLServiceProvider/CORE]: Adding [Target[className=net.minecraft.world.level.biome.Biome, elementName=, elementDescriptor=, targetType=cpw.mods.modlauncher.api.TargetType@3a6f2de3]] transformer from core-mod net.neoforged.neoforge.coremods.NeoForgeCoreMod@a52ca2e in neoforge-21.1.139.jar > neoforge-coremods-21.1.139.jar
[10Juni2026 13:21:44.955] [main/DEBUG] [net.neoforged.fml.loading.FMLServiceProvider/CORE]: Adding [Target[className=net.minecraft.world.level.levelgen.structure.Structure, elementName=, elementDescriptor=, targetType=cpw.mods.modlauncher.api.TargetType@3a6f2de3]] transformer from core-mod net.neoforged.neoforge.coremods.NeoForgeCoreMod@a52ca2e in neoforge-21.1.139.jar > neoforge-coremods-21.1.139.jar
[10Juni2026 13:21:44.956] [main/DEBUG] [net.neoforged.fml.loading.FMLServiceProvider/CORE]: Adding [Target[className=net.minecraft.world.level.block.FlowerPotBlock, elementName=, elementDescriptor=, targetType=cpw.mods.modlauncher.api.TargetType@3a6f2de3]] transformer from core-mod net.neoforged.neoforge.coremods.NeoForgeCoreMod@a52ca2e in neoforge-21.1.139.jar > neoforge-coremods-21.1.139.jar
[10Juni2026 13:21:44.957] [main/DEBUG] [net.neoforged.fml.loading.FMLServiceProvider/CORE]: Adding [Target[className=net/minecraft/world/entity/monster/Zombie, elementName=, elementDescriptor=, targetType=cpw.mods.modlauncher.api.TargetType@3a6f2de3], Target[className=net/minecraft/world/entity/npc/CatSpawner, elementName=, elementDescriptor=, targetType=cpw.mods.modlauncher.api.TargetType@3a6f2de3], Target[className=net/minecraft/world/level/levelgen/structure/structures/OceanRuinPieces$OceanRuinPiece, elementName=, elementDescriptor=, targetType=cpw.mods.modlauncher.api.TargetType@3a6f2de3], Target[className=net/minecraft/world/entity/monster/Spider, elementName=, elementDescriptor=, targetType=cpw.mods.modlauncher.api.TargetType@3a6f2de3], Target[className=net/minecraft/server/commands/SummonCommand, elementName=, elementDescriptor=, targetType=cpw.mods.modlauncher.api.TargetType@3a6f2de3], Target[className=net/minecraft/world/entity/raid/Raid, elementName=, elementDescriptor=, targetType=cpw.mods.modlauncher.api.TargetType@3a6f2de3], Target[className=net/minecraft/world/level/levelgen/PhantomSpawner, elementName=, elementDescriptor=, targetType=cpw.mods.modlauncher.api.TargetType@3a6f2de3], Target[className=net/minecraft/world/level/levelgen/structure/structures/WoodlandMansionPieces$WoodlandMansionPiece, elementName=, elementDescriptor=, targetType=cpw.mods.modlauncher.api.TargetType@3a6f2de3], Target[className=net/minecraft/world/entity/npc/Villager, elementName=, elementDescriptor=, targetType=cpw.mods.modlauncher.api.TargetType@3a6f2de3], Target[className=net/minecraft/world/level/levelgen/structure/structures/SwampHutPiece, elementName=, elementDescriptor=, targetType=cpw.mods.modlauncher.api.TargetType@3a6f2de3], Target[className=net/minecraft/world/entity/animal/horse/SkeletonTrapGoal, elementName=, elementDescriptor=, targetType=cpw.mods.modlauncher.api.TargetType@3a6f2de3], Target[className=net/minecraft/world/entity/EntityType, elementName=, elementDescriptor=, targetType=cpw.mods.modlauncher.api.TargetType@3a6f2de3], Target[className=net/minecraft/world/entity/monster/Strider, elementName=, elementDescriptor=, targetType=cpw.mods.modlauncher.api.TargetType@3a6f2de3], Target[className=net/minecraft/world/level/levelgen/structure/templatesystem/StructureTemplate, elementName=, elementDescriptor=, targetType=cpw.mods.modlauncher.api.TargetType@3a6f2de3], Target[className=net/minecraft/world/entity/ai/village/VillageSiege, elementName=, elementDescriptor=, targetType=cpw.mods.modlauncher.api.TargetType@3a6f2de3], Target[className=net/minecraft/world/entity/monster/Evoker$EvokerSummonSpellGoal, elementName=, elementDescriptor=, targetType=cpw.mods.modlauncher.api.TargetType@3a6f2de3], Target[className=net/minecraft/world/entity/monster/ZombieVillager, elementName=, elementDescriptor=, targetType=cpw.mods.modlauncher.api.TargetType@3a6f2de3], Target[className=net/minecraft/world/level/levelgen/PatrolSpawner, elementName=, elementDescriptor=, targetType=cpw.mods.modlauncher.api.TargetType@3a6f2de3], Target[className=net/minecraft/server/commands/RaidCommand, elementName=, elementDescriptor=, targetType=cpw.mods.modlauncher.api.TargetType@3a6f2de3], Target[className=net/minecraft/world/level/NaturalSpawner, elementName=, elementDescriptor=, targetType=cpw.mods.modlauncher.api.TargetType@3a6f2de3], Target[className=net/minecraft/world/entity/animal/frog/Tadpole, elementName=, elementDescriptor=, targetType=cpw.mods.modlauncher.api.TargetType@3a6f2de3], Target[className=net/minecraft/world/level/levelgen/structure/structures/OceanMonumentPieces$OceanMonumentPiece, elementName=, elementDescriptor=, targetType=cpw.mods.modlauncher.api.TargetType@3a6f2de3]] transformer from core-mod net.neoforged.neoforge.coremods.NeoForgeCoreMod@a52ca2e in neoforge-21.1.139.jar > neoforge-coremods-21.1.139.jar
[10Juni2026 13:21:44.963] [main/DEBUG] [cpw.mods.modlauncher.TransformStore/MODLAUNCHER]: Adding transformer net.neoforged.neoforge.coremods.ReplaceFieldWithGetterAccess@7cf283e1 to Target : cpw.mods.modlauncher.api.TargetType@3a6f2de3 {Lnet/minecraft/world/level/biome/Biome;} {} {V}
[10Juni2026 13:21:44.969] [main/DEBUG] [cpw.mods.modlauncher.TransformStore/MODLAUNCHER]: Adding transformer net.neoforged.neoforge.coremods.ReplaceFieldWithGetterAccess@48284d0e to Target : cpw.mods.modlauncher.api.TargetType@3a6f2de3 {Lnet/minecraft/world/level/levelgen/structure/Structure;} {} {V}
[10Juni2026 13:21:44.970] [main/DEBUG] [cpw.mods.modlauncher.TransformStore/MODLAUNCHER]: Adding transformer net.neoforged.neoforge.coremods.ReplaceFieldWithGetterAccess@557286ad to Target : cpw.mods.modlauncher.api.TargetType@3a6f2de3 {Lnet/minecraft/world/level/block/FlowerPotBlock;} {} {V}
[10Juni2026 13:21:44.971] [main/DEBUG] [cpw.mods.modlauncher.TransformStore/MODLAUNCHER]: Adding transformer net.neoforged.neoforge.coremods.MethodRedirector@b10a26d to Target : cpw.mods.modlauncher.api.TargetType@3a6f2de3 {Lnet/minecraft/world/entity/monster/Zombie;} {} {V}
[10Juni2026 13:21:44.974] [main/DEBUG] [cpw.mods.modlauncher.TransformStore/MODLAUNCHER]: Adding transformer net.neoforged.neoforge.coremods.MethodRedirector@b10a26d to Target : cpw.mods.modlauncher.api.TargetType@3a6f2de3 {Lnet/minecraft/world/entity/npc/CatSpawner;} {} {V}
[10Juni2026 13:21:44.975] [main/DEBUG] [cpw.mods.modlauncher.TransformStore/MODLAUNCHER]: Adding transformer net.neoforged.neoforge.coremods.MethodRedirector@b10a26d to Target : cpw.mods.modlauncher.api.TargetType@3a6f2de3 {Lnet/minecraft/world/level/levelgen/structure/structures/OceanRuinPieces$OceanRuinPiece;} {} {V}
[10Juni2026 13:21:44.975] [main/DEBUG] [cpw.mods.modlauncher.TransformStore/MODLAUNCHER]: Adding transformer net.neoforged.neoforge.coremods.MethodRedirector@b10a26d to Target : cpw.mods.modlauncher.api.TargetType@3a6f2de3 {Lnet/minecraft/world/entity/monster/Spider;} {} {V}
[10Juni2026 13:21:44.975] [main/DEBUG] [cpw.mods.modlauncher.TransformStore/MODLAUNCHER]: Adding transformer net.neoforged.neoforge.coremods.MethodRedirector@b10a26d to Target : cpw.mods.modlauncher.api.TargetType@3a6f2de3 {Lnet/minecraft/server/commands/SummonCommand;} {} {V}
[10Juni2026 13:21:44.978] [main/DEBUG] [cpw.mods.modlauncher.TransformStore/MODLAUNCHER]: Adding transformer net.neoforged.neoforge.coremods.MethodRedirector@b10a26d to Target : cpw.mods.modlauncher.api.TargetType@3a6f2de3 {Lnet/minecraft/world/entity/raid/Raid;} {} {V}
[10Juni2026 13:21:44.979] [main/DEBUG] [cpw.mods.modlauncher.TransformStore/MODLAUNCHER]: Adding transformer net.neoforged.neoforge.coremods.MethodRedirector@b10a26d to Target : cpw.mods.modlauncher.api.TargetType@3a6f2de3 {Lnet/minecraft/world/level/levelgen/PhantomSpawner;} {} {V}
[10Juni2026 13:21:44.980] [main/DEBUG] [cpw.mods.modlauncher.TransformStore/MODLAUNCHER]: Adding transformer net.neoforged.neoforge.coremods.MethodRedirector@b10a26d to Target : cpw.mods.modlauncher.api.TargetType@3a6f2de3 {Lnet/minecraft/world/level/levelgen/structure/structures/WoodlandMansionPieces$WoodlandMansionPiece;} {} {V}
[10Juni2026 13:21:44.980] [main/DEBUG] [cpw.mods.modlauncher.TransformStore/MODLAUNCHER]: Adding transformer net.neoforged.neoforge.coremods.MethodRedirector@b10a26d to Target : cpw.mods.modlauncher.api.TargetType@3a6f2de3 {Lnet/minecraft/world/entity/npc/Villager;} {} {V}
[10Juni2026 13:21:44.981] [main/DEBUG] [cpw.mods.modlauncher.TransformStore/MODLAUNCHER]: Adding transformer net.neoforged.neoforge.coremods.MethodRedirector@b10a26d to Target : cpw.mods.modlauncher.api.TargetType@3a6f2de3 {Lnet/minecraft/world/level/levelgen/structure/structures/SwampHutPiece;} {} {V}
[10Juni2026 13:21:44.982] [main/DEBUG] [cpw.mods.modlauncher.TransformStore/MODLAUNCHER]: Adding transformer net.neoforged.neoforge.coremods.MethodRedirector@b10a26d to Target : cpw.mods.modlauncher.api.TargetType@3a6f2de3 {Lnet/minecraft/world/entity/animal/horse/SkeletonTrapGoal;} {} {V}
[10Juni2026 13:21:44.982] [main/DEBUG] [cpw.mods.modlauncher.TransformStore/MODLAUNCHER]: Adding transformer net.neoforged.neoforge.coremods.MethodRedirector@b10a26d to Target : cpw.mods.modlauncher.api.TargetType@3a6f2de3 {Lnet/minecraft/world/entity/EntityType;} {} {V}
[10Juni2026 13:21:44.983] [main/DEBUG] [cpw.mods.modlauncher.TransformStore/MODLAUNCHER]: Adding transformer net.neoforged.neoforge.coremods.MethodRedirector@b10a26d to Target : cpw.mods.modlauncher.api.TargetType@3a6f2de3 {Lnet/minecraft/world/entity/monster/Strider;} {} {V}
[10Juni2026 13:21:44.983] [main/DEBUG] [cpw.mods.modlauncher.TransformStore/MODLAUNCHER]: Adding transformer net.neoforged.neoforge.coremods.MethodRedirector@b10a26d to Target : cpw.mods.modlauncher.api.TargetType@3a6f2de3 {Lnet/minecraft/world/level/levelgen/structure/templatesystem/StructureTemplate;} {} {V}
[10Juni2026 13:21:44.983] [main/DEBUG] [cpw.mods.modlauncher.TransformStore/MODLAUNCHER]: Adding transformer net.neoforged.neoforge.coremods.MethodRedirector@b10a26d to Target : cpw.mods.modlauncher.api.TargetType@3a6f2de3 {Lnet/minecraft/world/entity/ai/village/VillageSiege;} {} {V}
[10Juni2026 13:21:44.983] [main/DEBUG] [cpw.mods.modlauncher.TransformStore/MODLAUNCHER]: Adding transformer net.neoforged.neoforge.coremods.MethodRedirector@b10a26d to Target : cpw.mods.modlauncher.api.TargetType@3a6f2de3 {Lnet/minecraft/world/entity/monster/Evoker$EvokerSummonSpellGoal;} {} {V}
[10Juni2026 13:21:44.983] [main/DEBUG] [cpw.mods.modlauncher.TransformStore/MODLAUNCHER]: Adding transformer net.neoforged.neoforge.coremods.MethodRedirector@b10a26d to Target : cpw.mods.modlauncher.api.TargetType@3a6f2de3 {Lnet/minecraft/world/entity/monster/ZombieVillager;} {} {V}
[10Juni2026 13:21:44.983] [main/DEBUG] [cpw.mods.modlauncher.TransformStore/MODLAUNCHER]: Adding transformer net.neoforged.neoforge.coremods.MethodRedirector@b10a26d to Target : cpw.mods.modlauncher.api.TargetType@3a6f2de3 {Lnet/minecraft/world/level/levelgen/PatrolSpawner;} {} {V}
[10Juni2026 13:21:44.984] [main/DEBUG] [cpw.mods.modlauncher.TransformStore/MODLAUNCHER]: Adding transformer net.neoforged.neoforge.coremods.MethodRedirector@b10a26d to Target : cpw.mods.modlauncher.api.TargetType@3a6f2de3 {Lnet/minecraft/server/commands/RaidCommand;} {} {V}
[10Juni2026 13:21:44.985] [main/DEBUG] [cpw.mods.modlauncher.TransformStore/MODLAUNCHER]: Adding transformer net.neoforged.neoforge.coremods.MethodRedirector@b10a26d to Target : cpw.mods.modlauncher.api.TargetType@3a6f2de3 {Lnet/minecraft/world/level/NaturalSpawner;} {} {V}
[10Juni2026 13:21:44.986] [main/DEBUG] [cpw.mods.modlauncher.TransformStore/MODLAUNCHER]: Adding transformer net.neoforged.neoforge.coremods.MethodRedirector@b10a26d to Target : cpw.mods.modlauncher.api.TargetType@3a6f2de3 {Lnet/minecraft/world/entity/animal/frog/Tadpole;} {} {V}
[10Juni2026 13:21:44.986] [main/DEBUG] [cpw.mods.modlauncher.TransformStore/MODLAUNCHER]: Adding transformer net.neoforged.neoforge.coremods.MethodRedirector@b10a26d to Target : cpw.mods.modlauncher.api.TargetType@3a6f2de3 {Lnet/minecraft/world/level/levelgen/structure/structures/OceanMonumentPieces$OceanMonumentPiece;} {} {V}
[10Juni2026 13:21:44.986] [main/DEBUG] [cpw.mods.modlauncher.TransformationServiceDecorator/MODLAUNCHER]: Initialized transformers for transformation service fml
[10Juni2026 13:21:46.696] [main/DEBUG] [mixin/]: Processing prepare() for PlatformAgent[MixinPlatformAgentDefault:ModLauncher Root Container(ModLauncher:4f56a0a2)]
[10Juni2026 13:21:46.697] [main/DEBUG] [mixin/]: Processing prepare() for PlatformAgent[MixinPlatformAgentDefault:net.neoforged.fml.loading.mixin.FMLMixinContainerHandle@11de56e6]
[10Juni2026 13:21:46.698] [main/DEBUG] [mixin/]: Processing prepare() for PlatformAgent[FMLMixinPlatformAgent:null]
[10Juni2026 13:21:46.786] [main/DEBUG] [mixin/]: Compatibility level JAVA_21 specified by flywheel.backend.mixins.json is higher than the maximum level supported by this version of mixin (JAVA_13).
[10Juni2026 13:21:46.796] [main/INFO] [mixin/]: Compatibility level set to JAVA_21
[10Juni2026 13:21:46.806] [main/DEBUG] [mixin/]: Compatibility level JAVA_17 specified by ponder.mixins.json is higher than the maximum level supported by this version of mixin (JAVA_13).
[10Juni2026 13:21:46.829] [main/DEBUG] [mixin/]: Processing launch tasks for PlatformAgent[MixinPlatformAgentDefault:ModLauncher Root Container(ModLauncher:4f56a0a2)]
[10Juni2026 13:21:46.830] [main/DEBUG] [mixin/]: Adding mixin platform agents for container SecureJarResource(mixin_synthetic)
[10Juni2026 13:21:46.831] [main/DEBUG] [mixin/]: Instancing new MixinPlatformAgentMinecraftForge for SecureJarResource(mixin_synthetic)
[10Juni2026 13:21:46.832] [main/DEBUG] [mixin/]: MixinPlatformAgentMinecraftForge rejected container SecureJarResource(mixin_synthetic)
[10Juni2026 13:21:46.832] [main/DEBUG] [mixin/]: Instancing new MixinPlatformAgentDefault for SecureJarResource(mixin_synthetic)
[10Juni2026 13:21:46.833] [main/DEBUG] [mixin/]: MixinPlatformAgentDefault accepted container SecureJarResource(mixin_synthetic)
[10Juni2026 13:21:46.833] [main/DEBUG] [mixin/]: Instancing new FMLMixinPlatformAgent for SecureJarResource(mixin_synthetic)
[10Juni2026 13:21:46.833] [main/DEBUG] [mixin/]: FMLMixinPlatformAgent rejected container SecureJarResource(mixin_synthetic)
[10Juni2026 13:21:46.833] [main/DEBUG] [mixin/]: Processing prepare() for PlatformAgent[MixinPlatformAgentDefault:SecureJarResource(mixin_synthetic)]
[10Juni2026 13:21:46.833] [main/DEBUG] [mixin/]: Adding mixin platform agents for container SecureJarResource(minecraft)
[10Juni2026 13:21:46.833] [main/DEBUG] [mixin/]: Instancing new MixinPlatformAgentMinecraftForge for SecureJarResource(minecraft)
[10Juni2026 13:21:46.840] [main/DEBUG] [mixin/]: MixinPlatformAgentMinecraftForge rejected container SecureJarResource(minecraft)
[10Juni2026 13:21:46.840] [main/DEBUG] [mixin/]: Instancing new MixinPlatformAgentDefault for SecureJarResource(minecraft)
[10Juni2026 13:21:46.841] [main/DEBUG] [mixin/]: MixinPlatformAgentDefault accepted container SecureJarResource(minecraft)
[10Juni2026 13:21:46.841] [main/DEBUG] [mixin/]: Instancing new FMLMixinPlatformAgent for SecureJarResource(minecraft)
[10Juni2026 13:21:46.842] [main/DEBUG] [mixin/]: FMLMixinPlatformAgent rejected container SecureJarResource(minecraft)
[10Juni2026 13:21:46.842] [main/DEBUG] [mixin/]: Processing prepare() for PlatformAgent[MixinPlatformAgentDefault:SecureJarResource(minecraft)]
[10Juni2026 13:21:46.842] [main/DEBUG] [mixin/]: Adding mixin platform agents for container SecureJarResource(flywheel)
[10Juni2026 13:21:46.843] [main/DEBUG] [mixin/]: Instancing new MixinPlatformAgentMinecraftForge for SecureJarResource(flywheel)
[10Juni2026 13:21:46.843] [main/DEBUG] [mixin/]: MixinPlatformAgentMinecraftForge rejected container SecureJarResource(flywheel)
[10Juni2026 13:21:46.843] [main/DEBUG] [mixin/]: Instancing new MixinPlatformAgentDefault for SecureJarResource(flywheel)
[10Juni2026 13:21:46.845] [main/DEBUG] [mixin/]: MixinPlatformAgentDefault accepted container SecureJarResource(flywheel)
[10Juni2026 13:21:46.845] [main/DEBUG] [mixin/]: Instancing new FMLMixinPlatformAgent for SecureJarResource(flywheel)
[10Juni2026 13:21:46.846] [main/DEBUG] [mixin/]: FMLMixinPlatformAgent rejected container SecureJarResource(flywheel)
[10Juni2026 13:21:46.847] [main/DEBUG] [mixin/]: Processing prepare() for PlatformAgent[MixinPlatformAgentDefault:SecureJarResource(flywheel)]
[10Juni2026 13:21:46.847] [main/DEBUG] [mixin/]: Adding mixin platform agents for container SecureJarResource(ponder)
[10Juni2026 13:21:46.847] [main/DEBUG] [mixin/]: Instancing new MixinPlatformAgentMinecraftForge for SecureJarResource(ponder)
[10Juni2026 13:21:46.848] [main/DEBUG] [mixin/]: MixinPlatformAgentMinecraftForge rejected container SecureJarResource(ponder)
[10Juni2026 13:21:46.848] [main/DEBUG] [mixin/]: Instancing new MixinPlatformAgentDefault for SecureJarResource(ponder)
[10Juni2026 13:21:46.849] [main/DEBUG] [mixin/]: MixinPlatformAgentDefault accepted container SecureJarResource(ponder)
[10Juni2026 13:21:46.849] [main/DEBUG] [mixin/]: Instancing new FMLMixinPlatformAgent for SecureJarResource(ponder)
[10Juni2026 13:21:46.850] [main/DEBUG] [mixin/]: FMLMixinPlatformAgent rejected container SecureJarResource(ponder)
[10Juni2026 13:21:46.851] [main/DEBUG] [mixin/]: Processing prepare() for PlatformAgent[MixinPlatformAgentDefault:SecureJarResource(ponder)]
[10Juni2026 13:21:46.851] [main/DEBUG] [mixin/]: Adding mixin platform agents for container SecureJarResource(create)
[10Juni2026 13:21:46.852] [main/DEBUG] [mixin/]: Instancing new MixinPlatformAgentMinecraftForge for SecureJarResource(create)
[10Juni2026 13:21:46.852] [main/DEBUG] [mixin/]: MixinPlatformAgentMinecraftForge rejected container SecureJarResource(create)
[10Juni2026 13:21:46.852] [main/DEBUG] [mixin/]: Instancing new MixinPlatformAgentDefault for SecureJarResource(create)
[10Juni2026 13:21:46.852] [main/DEBUG] [mixin/]: MixinPlatformAgentDefault accepted container SecureJarResource(create)
[10Juni2026 13:21:46.853] [main/DEBUG] [mixin/]: Instancing new FMLMixinPlatformAgent for SecureJarResource(create)
[10Juni2026 13:21:46.853] [main/DEBUG] [mixin/]: FMLMixinPlatformAgent rejected container SecureJarResource(create)
[10Juni2026 13:21:46.854] [main/DEBUG] [mixin/]: Processing prepare() for PlatformAgent[MixinPlatformAgentDefault:SecureJarResource(create)]
[10Juni2026 13:21:46.855] [main/DEBUG] [mixin/]: Registering mixin config: create.mixins.json source=SecureJarResource(create)
[10Juni2026 13:21:46.856] [main/DEBUG] [mixin/]: Adding mixin platform agents for container SecureJarResource(crafts_construct)
[10Juni2026 13:21:46.856] [main/DEBUG] [mixin/]: Instancing new MixinPlatformAgentMinecraftForge for SecureJarResource(crafts_construct)
[10Juni2026 13:21:46.856] [main/DEBUG] [mixin/]: MixinPlatformAgentMinecraftForge rejected container SecureJarResource(crafts_construct)
[10Juni2026 13:21:46.856] [main/DEBUG] [mixin/]: Instancing new MixinPlatformAgentDefault for SecureJarResource(crafts_construct)
[10Juni2026 13:21:46.857] [main/DEBUG] [mixin/]: MixinPlatformAgentDefault accepted container SecureJarResource(crafts_construct)
[10Juni2026 13:21:46.857] [main/DEBUG] [mixin/]: Instancing new FMLMixinPlatformAgent for SecureJarResource(crafts_construct)
[10Juni2026 13:21:46.857] [main/DEBUG] [mixin/]: FMLMixinPlatformAgent rejected container SecureJarResource(crafts_construct)
[10Juni2026 13:21:46.858] [main/DEBUG] [mixin/]: Processing prepare() for PlatformAgent[MixinPlatformAgentDefault:SecureJarResource(crafts_construct)]
[10Juni2026 13:21:46.858] [main/DEBUG] [mixin/]: Adding mixin platform agents for container SecureJarResource(jei)
[10Juni2026 13:21:46.859] [main/DEBUG] [mixin/]: Instancing new MixinPlatformAgentMinecraftForge for SecureJarResource(jei)
[10Juni2026 13:21:46.860] [main/DEBUG] [mixin/]: MixinPlatformAgentMinecraftForge rejected container SecureJarResource(jei)
[10Juni2026 13:21:46.861] [main/DEBUG] [mixin/]: Instancing new MixinPlatformAgentDefault for SecureJarResource(jei)
[10Juni2026 13:21:46.862] [main/DEBUG] [mixin/]: MixinPlatformAgentDefault accepted container SecureJarResource(jei)
[10Juni2026 13:21:46.863] [main/DEBUG] [mixin/]: Instancing new FMLMixinPlatformAgent for SecureJarResource(jei)
[10Juni2026 13:21:46.863] [main/DEBUG] [mixin/]: FMLMixinPlatformAgent rejected container SecureJarResource(jei)
[10Juni2026 13:21:46.863] [main/DEBUG] [mixin/]: Processing prepare() for PlatformAgent[MixinPlatformAgentDefault:SecureJarResource(jei)]
[10Juni2026 13:21:46.864] [main/DEBUG] [mixin/]: Adding mixin platform agents for container SecureJarResource(Registrate.MC1._21._62)
[10Juni2026 13:21:46.864] [main/DEBUG] [mixin/]: Instancing new MixinPlatformAgentMinecraftForge for SecureJarResource(Registrate.MC1._21._62)
[10Juni2026 13:21:46.865] [main/DEBUG] [mixin/]: MixinPlatformAgentMinecraftForge rejected container SecureJarResource(Registrate.MC1._21._62)
[10Juni2026 13:21:46.865] [main/DEBUG] [mixin/]: Instancing new MixinPlatformAgentDefault for SecureJarResource(Registrate.MC1._21._62)
[10Juni2026 13:21:46.866] [main/DEBUG] [mixin/]: MixinPlatformAgentDefault accepted container SecureJarResource(Registrate.MC1._21._62)
[10Juni2026 13:21:46.866] [main/DEBUG] [mixin/]: Instancing new FMLMixinPlatformAgent for SecureJarResource(Registrate.MC1._21._62)
[10Juni2026 13:21:46.867] [main/DEBUG] [mixin/]: FMLMixinPlatformAgent rejected container SecureJarResource(Registrate.MC1._21._62)
[10Juni2026 13:21:46.867] [main/DEBUG] [mixin/]: Processing prepare() for PlatformAgent[MixinPlatformAgentDefault:SecureJarResource(Registrate.MC1._21._62)]
[10Juni2026 13:21:46.867] [main/DEBUG] [mixin/]: Adding mixin platform agents for container SecureJarResource(mixinextras.neoforge)
[10Juni2026 13:21:46.868] [main/DEBUG] [mixin/]: Instancing new MixinPlatformAgentMinecraftForge for SecureJarResource(mixinextras.neoforge)
[10Juni2026 13:21:46.868] [main/DEBUG] [mixin/]: MixinPlatformAgentMinecraftForge rejected container SecureJarResource(mixinextras.neoforge)
[10Juni2026 13:21:46.868] [main/DEBUG] [mixin/]: Instancing new MixinPlatformAgentDefault for SecureJarResource(mixinextras.neoforge)
[10Juni2026 13:21:46.868] [main/DEBUG] [mixin/]: MixinPlatformAgentDefault accepted container SecureJarResource(mixinextras.neoforge)
[10Juni2026 13:21:46.870] [main/DEBUG] [mixin/]: Instancing new FMLMixinPlatformAgent for SecureJarResource(mixinextras.neoforge)
[10Juni2026 13:21:46.870] [main/DEBUG] [mixin/]: FMLMixinPlatformAgent rejected container SecureJarResource(mixinextras.neoforge)
[10Juni2026 13:21:46.870] [main/DEBUG] [mixin/]: Processing prepare() for PlatformAgent[MixinPlatformAgentDefault:SecureJarResource(mixinextras.neoforge)]
[10Juni2026 13:21:46.871] [main/DEBUG] [mixin/]: Registering mixin config: mixinextras.init.mixins.json source=SecureJarResource(mixinextras.neoforge)
[10Juni2026 13:21:46.873] [main/DEBUG] [mixin/]: inject() running with 11 agents
[10Juni2026 13:21:46.873] [main/DEBUG] [mixin/]: Processing inject() for PlatformAgent[MixinPlatformAgentDefault:ModLauncher Root Container(ModLauncher:4f56a0a2)]
[10Juni2026 13:21:46.874] [main/DEBUG] [mixin/]: Processing inject() for PlatformAgent[MixinPlatformAgentDefault:net.neoforged.fml.loading.mixin.FMLMixinContainerHandle@11de56e6]
[10Juni2026 13:21:46.874] [main/DEBUG] [mixin/]: Processing inject() for PlatformAgent[FMLMixinPlatformAgent:null]
[10Juni2026 13:21:46.875] [main/DEBUG] [mixin/]: Processing inject() for PlatformAgent[MixinPlatformAgentDefault:SecureJarResource(mixin_synthetic)]
[10Juni2026 13:21:46.875] [main/DEBUG] [mixin/]: Processing inject() for PlatformAgent[MixinPlatformAgentDefault:SecureJarResource(minecraft)]
[10Juni2026 13:21:46.875] [main/DEBUG] [mixin/]: Processing inject() for PlatformAgent[MixinPlatformAgentDefault:SecureJarResource(flywheel)]
[10Juni2026 13:21:46.875] [main/DEBUG] [mixin/]: Processing inject() for PlatformAgent[MixinPlatformAgentDefault:SecureJarResource(ponder)]
[10Juni2026 13:21:46.875] [main/DEBUG] [mixin/]: Processing inject() for PlatformAgent[MixinPlatformAgentDefault:SecureJarResource(create)]
[10Juni2026 13:21:46.875] [main/DEBUG] [mixin/]: Processing inject() for PlatformAgent[MixinPlatformAgentDefault:SecureJarResource(crafts_construct)]
[10Juni2026 13:21:46.875] [main/DEBUG] [mixin/]: Processing inject() for PlatformAgent[MixinPlatformAgentDefault:SecureJarResource(jei)]
[10Juni2026 13:21:46.877] [main/DEBUG] [mixin/]: Processing inject() for PlatformAgent[MixinPlatformAgentDefault:SecureJarResource(Registrate.MC1._21._62)]
[10Juni2026 13:21:46.877] [main/DEBUG] [mixin/]: Processing inject() for PlatformAgent[MixinPlatformAgentDefault:SecureJarResource(mixinextras.neoforge)]
[10Juni2026 13:21:46.878] [main/INFO] [cpw.mods.modlauncher.LaunchServiceHandler/MODLAUNCHER]: Launching target 'forgeclientuserdev' with arguments [--version, 21.1.139, --gameDir, ., --assetsDir, C:\Users\Lukas\.gradle\caches\neoformruntime\assets, --assetIndex, 17]
[10Juni2026 13:21:46.975] [main/DEBUG] [mixin/]: Preparing mixins for MixinEnvironment[DEFAULT]
[10Juni2026 13:21:46.982] [main/DEBUG] [mixin/]: Selecting config flywheel.backend.mixins.json
[10Juni2026 13:21:47.023] [main/DEBUG] [mixin/]: Selecting config flywheel.impl.mixins.json
[10Juni2026 13:21:47.024] [main/DEBUG] [mixin/]: Selecting config ponder.mixins.json
[10Juni2026 13:21:47.026] [main/WARN] [mixin/]: Reference map 'ponder.refmap.json' for ponder.mixins.json could not be read. If this is a development environment you can ignore this message
[10Juni2026 13:21:47.026] [main/DEBUG] [mixin/]: Selecting config create.mixins.json
[10Juni2026 13:21:47.035] [main/WARN] [mixin/]: Reference map 'create.refmap.json' for create.mixins.json could not be read. If this is a development environment you can ignore this message
[10Juni2026 13:21:47.036] [main/DEBUG] [mixin/]: Selecting config neoforge.mixins.json
[10Juni2026 13:21:47.037] [main/DEBUG] [mixin/]: Selecting config craftsconstruct.mixins.json
[10Juni2026 13:21:47.038] [main/DEBUG] [mixin/]: Selecting config mixinextras.init.mixins.json
[10Juni2026 13:21:47.114] [main/DEBUG] [MixinExtras|Service/]: com.llamalad7.mixinextras.service.MixinExtrasServiceImpl(version=0.4.1) is taking over from null
[10Juni2026 13:21:47.183] [main/DEBUG] [mixin/]: Registering new injector for @Inject with org.spongepowered.asm.mixin.injection.struct.CallbackInjectionInfo
[10Juni2026 13:21:47.187] [main/DEBUG] [mixin/]: Registering new injector for @ModifyArg with org.spongepowered.asm.mixin.injection.struct.ModifyArgInjectionInfo
[10Juni2026 13:21:47.190] [main/DEBUG] [mixin/]: Registering new injector for @ModifyArgs with org.spongepowered.asm.mixin.injection.struct.ModifyArgsInjectionInfo
[10Juni2026 13:21:47.193] [main/DEBUG] [mixin/]: Registering new injector for @Redirect with org.spongepowered.asm.mixin.injection.struct.RedirectInjectionInfo
[10Juni2026 13:21:47.199] [main/DEBUG] [mixin/]: Registering new injector for @ModifyVariable with org.spongepowered.asm.mixin.injection.struct.ModifyVariableInjectionInfo
[10Juni2026 13:21:47.203] [main/DEBUG] [mixin/]: Registering new injector for @ModifyConstant with org.spongepowered.asm.mixin.injection.struct.ModifyConstantInjectionInfo
[10Juni2026 13:21:47.237] [main/DEBUG] [mixin/]: Preparing flywheel.backend.mixins.json (8)
[10Juni2026 13:21:47.448] [main/DEBUG] [mixin/]: Preparing flywheel.impl.mixins.json (14)
[10Juni2026 13:21:47.616] [main/DEBUG] [mixin/]: Preparing ponder.mixins.json (13)
[10Juni2026 13:21:47.783] [main/DEBUG] [mixin/]: Preparing neoforge.mixins.json (2)
[10Juni2026 13:21:47.790] [main/DEBUG] [mixin/]: Preparing craftsconstruct.mixins.json (0)
[10Juni2026 13:21:47.790] [main/DEBUG] [mixin/]: Preparing mixinextras.init.mixins.json (0)
[10Juni2026 13:21:47.790] [main/DEBUG] [mixin/]: Preparing create.mixins.json (60)
[10Juni2026 13:21:48.049] [main/WARN] [mixin/]: Error loading class: journeymap/client/render/map/MapRenderer (java.lang.ClassNotFoundException: journeymap.client.render.map.MapRenderer)
[10Juni2026 13:21:48.050] [main/WARN] [mixin/]: @Mixin target journeymap.client.render.map.MapRenderer was not found create.mixins.json:compat.journeymap.MapRendererAccessor from mod create
[10Juni2026 13:21:48.220] [main/WARN] [mixin/]: Error loading class: journeymap/client/ui/fullscreen/Fullscreen (java.lang.ClassNotFoundException: journeymap.client.ui.fullscreen.Fullscreen)
[10Juni2026 13:21:48.220] [main/WARN] [mixin/]: @Mixin target journeymap.client.ui.fullscreen.Fullscreen was not found create.mixins.json:compat.journeymap.JourneyFullscreenMapMixin from mod create
[10Juni2026 13:21:48.306] [main/DEBUG] [mixin/]: Prepared 95 mixins in 1,328 sec (14,0ms avg) (0ms load, 0ms transform, 0ms plugin)
[10Juni2026 13:21:48.348] [main/INFO] [MixinExtras|Service/]: Initializing MixinExtras via com.llamalad7.mixinextras.service.MixinExtrasServiceImpl(version=0.4.1).
[10Juni2026 13:21:48.349] [main/DEBUG] [mixin/]: Registering new injector for @SugarWrapper with com.llamalad7.mixinextras.sugar.impl.SugarWrapperInjectionInfo
[10Juni2026 13:21:48.350] [main/DEBUG] [mixin/]: Registering new injector for @FactoryRedirectWrapper with com.llamalad7.mixinextras.wrapper.factory.FactoryRedirectWrapperInjectionInfo
[10Juni2026 13:21:48.369] [main/DEBUG] [mixin/]: Mixing MinecraftMixin from flywheel.impl.mixins.json into net.minecraft.client.Minecraft
[10Juni2026 13:21:48.409] [main/DEBUG] [mixin/]: Mixing client.WindowResizeMixin from ponder.mixins.json into net.minecraft.client.Minecraft
[10Juni2026 13:21:48.410] [main/DEBUG] [mixin/]: ponder.mixins.json:client.WindowResizeMixin from mod ponder: Class version 65 required is higher than the class version supported by the current version of Mixin (JAVA_17 supports class version 61)
[10Juni2026 13:21:48.418] [main/DEBUG] [mixin/]: Mixing accessor.MinecraftAccessor from create.mixins.json into net.minecraft.client.Minecraft
[10Juni2026 13:21:48.532] [main/DEBUG] [mixin/]: flywheel.impl.mixins.json:MinecraftMixin from mod flywheel->@Inject::flywheel$onBeginInitialResourceReload(Lorg/spongepowered/asm/mixin/injection/callback/CallbackInfo;)V doesn't use it's CallbackInfo
[10Juni2026 13:21:48.533] [main/DEBUG] [mixin/]: flywheel.impl.mixins.json:MinecraftMixin from mod flywheel->@Inject::flywheel$onBeginInitialResourceReload(Lorg/spongepowered/asm/mixin/injection/callback/CallbackInfo;)V has 0 override(s) in child classes
[10Juni2026 13:21:48.533] [main/DEBUG] [mixin/]: flywheel.impl.mixins.json:MinecraftMixin from mod flywheel->@Inject::flywheel$onBeginInitialResourceReload(Lorg/spongepowered/asm/mixin/injection/callback/CallbackInfo;)V won't be passed a CallbackInfo as a result
[10Juni2026 13:21:48.535] [main/DEBUG] [mixin/]: flywheel.impl.mixins.json:MinecraftMixin from mod flywheel->@Inject::flywheel$onEndInitialResourceReload(Ljava/lang/Object;Ljava/util/Optional;Lorg/spongepowered/asm/mixin/injection/callback/CallbackInfo;)V doesn't use it's CallbackInfo
[10Juni2026 13:21:48.535] [main/DEBUG] [mixin/]: flywheel.impl.mixins.json:MinecraftMixin from mod flywheel->@Inject::flywheel$onEndInitialResourceReload(Ljava/lang/Object;Ljava/util/Optional;Lorg/spongepowered/asm/mixin/injection/callback/CallbackInfo;)V has 0 override(s) in child classes
[10Juni2026 13:21:48.535] [main/DEBUG] [mixin/]: flywheel.impl.mixins.json:MinecraftMixin from mod flywheel->@Inject::flywheel$onEndInitialResourceReload(Ljava/lang/Object;Ljava/util/Optional;Lorg/spongepowered/asm/mixin/injection/callback/CallbackInfo;)V won't be passed a CallbackInfo as a result
[10Juni2026 13:21:48.538] [main/DEBUG] [mixin/]: flywheel.impl.mixins.json:MinecraftMixin from mod flywheel->@Inject::flywheel$onEndManualResourceReload(ZLjava/lang/Object;Ljava/util/concurrent/CompletableFuture;Ljava/util/Optional;Lorg/spongepowered/asm/mixin/injection/callback/CallbackInfo;)V doesn't use it's CallbackInfo
[10Juni2026 13:21:48.539] [main/DEBUG] [mixin/]: flywheel.impl.mixins.json:MinecraftMixin from mod flywheel->@Inject::flywheel$onEndManualResourceReload(ZLjava/lang/Object;Ljava/util/concurrent/CompletableFuture;Ljava/util/Optional;Lorg/spongepowered/asm/mixin/injection/callback/CallbackInfo;)V has 0 override(s) in child classes
[10Juni2026 13:21:48.539] [main/DEBUG] [mixin/]: flywheel.impl.mixins.json:MinecraftMixin from mod flywheel->@Inject::flywheel$onEndManualResourceReload(ZLjava/lang/Object;Ljava/util/concurrent/CompletableFuture;Ljava/util/Optional;Lorg/spongepowered/asm/mixin/injection/callback/CallbackInfo;)V won't be passed a CallbackInfo as a result
[10Juni2026 13:21:48.540] [main/DEBUG] [mixin/]: ponder.mixins.json:client.WindowResizeMixin from mod ponder->@Inject::catnip$updateWindowSize(Lorg/spongepowered/asm/mixin/injection/callback/CallbackInfo;)V doesn't use it's CallbackInfo
[10Juni2026 13:21:48.541] [main/DEBUG] [mixin/]: ponder.mixins.json:client.WindowResizeMixin from mod ponder->@Inject::catnip$updateWindowSize(Lorg/spongepowered/asm/mixin/injection/callback/CallbackInfo;)V has 0 override(s) in child classes
[10Juni2026 13:21:48.541] [main/DEBUG] [mixin/]: ponder.mixins.json:client.WindowResizeMixin from mod ponder->@Inject::catnip$updateWindowSize(Lorg/spongepowered/asm/mixin/injection/callback/CallbackInfo;)V won't be passed a CallbackInfo as a result
[10Juni2026 13:21:48.927] [main/DEBUG] [io.netty.util.internal.logging.InternalLoggerFactory/]: Using SLF4J as the default logging framework
[10Juni2026 13:21:48.933] [main/DEBUG] [io.netty.util.ResourceLeakDetector/]: -Dio.netty.leakDetection.level: simple
[10Juni2026 13:21:48.933] [main/DEBUG] [io.netty.util.ResourceLeakDetector/]: -Dio.netty.leakDetection.targetRecords: 4
[10Juni2026 13:21:48.980] [main/DEBUG] [mixin/]: Mixing accessor.NbtAccounterAccessor from create.mixins.json into net.minecraft.nbt.NbtAccounter
[10Juni2026 13:21:49.301] [main/DEBUG] [mixin/]: Mixing datafixer.BlockPosFormatAndRenamesFixMixin from create.mixins.json into net.minecraft.util.datafix.fixes.BlockPosFormatAndRenamesFix
[10Juni2026 13:21:49.303] [main/DEBUG] [mixin/]: Renaming synthetic method lambda$create$addFixers$2(Lcom/mojang/datafixers/OpticFinder;Lcom/simibubi/create/foundation/utility/DataFixerHelper$BlockPosFixer;Lcom/mojang/datafixers/Typed;)Lcom/mojang/datafixers/Typed; to md3df1c8$create$lambda$create$addFixers$2$0 in create.mixins.json:datafixer.BlockPosFormatAndRenamesFixMixin from mod create
[10Juni2026 13:21:49.304] [main/DEBUG] [mixin/]: Renaming synthetic method lambda$create$addFixers$1(Lcom/simibubi/create/foundation/utility/DataFixerHelper$BlockPosFixer;Lcom/mojang/datafixers/Typed;)Lcom/mojang/datafixers/Typed; to md3df1c8$create$lambda$create$addFixers$1$1 in create.mixins.json:datafixer.BlockPosFormatAndRenamesFixMixin from mod create
[10Juni2026 13:21:49.304] [main/DEBUG] [mixin/]: Renaming synthetic method lambda$create$addFixers$0(Lcom/simibubi/create/foundation/utility/DataFixerHelper$BlockPosFixer;Lcom/mojang/serialization/Dynamic;)Lcom/mojang/serialization/Dynamic; to md3df1c8$create$lambda$create$addFixers$0$2 in create.mixins.json:datafixer.BlockPosFormatAndRenamesFixMixin from mod create
[10Juni2026 13:21:49.393] [main/DEBUG] [mixin/]: create.mixins.json:datafixer.BlockPosFormatAndRenamesFixMixin from mod create->@Inject::create$addFixers(Lorg/spongepowered/asm/mixin/injection/callback/CallbackInfoReturnable;)V doesn't use it's CallbackInfoReturnable
[10Juni2026 13:21:49.393] [main/DEBUG] [mixin/]: create.mixins.json:datafixer.BlockPosFormatAndRenamesFixMixin from mod create->@Inject::create$addFixers(Lorg/spongepowered/asm/mixin/injection/callback/CallbackInfoReturnable;)V has 0 override(s) in child classes
[10Juni2026 13:21:49.393] [main/DEBUG] [mixin/]: create.mixins.json:datafixer.BlockPosFormatAndRenamesFixMixin from mod create->@Inject::create$addFixers(Lorg/spongepowered/asm/mixin/injection/callback/CallbackInfoReturnable;)V won't be passed a CallbackInfoReturnable as a result
[10Juni2026 13:21:49.404] [main/DEBUG] [mixin/]: Mixing datafixer.ItemStackComponentizationFixMixin from create.mixins.json into net.minecraft.util.datafix.fixes.ItemStackComponentizationFix
[10Juni2026 13:21:49.406] [main/DEBUG] [mixin/]: Renaming synthetic method lambda$create$moveItemStackHandlerToItemContainerContents$4(Lcom/mojang/serialization/Dynamic;Lnet/minecraft/util/datafix/fixes/ItemStackComponentizationFix$ItemStackData;Ljava/lang/String;Lcom/mojang/serialization/Dynamic;)V to md3df1c8$create$lambda$create$moveItemStackHandlerToItemContainerContents$4$0 in create.mixins.json:datafixer.ItemStackComponentizationFixMixin from mod create
[10Juni2026 13:21:49.406] [main/DEBUG] [mixin/]: Renaming synthetic method lambda$create$moveItemStackHandlerToItemContainerContents$3(Lcom/mojang/serialization/Dynamic;Ljava/util/List;Lcom/mojang/serialization/Dynamic;)V to md3df1c8$create$lambda$create$moveItemStackHandlerToItemContainerContents$3$1 in create.mixins.json:datafixer.ItemStackComponentizationFixMixin from mod create
[10Juni2026 13:21:49.407] [main/DEBUG] [mixin/]: Renaming synthetic method lambda$create$moveTagToEnumComponent$2([Ljava/lang/Enum;Lnet/minecraft/util/datafix/fixes/ItemStackComponentizationFix$ItemStackData;Ljava/lang/String;Lcom/mojang/serialization/Dynamic;)V to md3df1c8$create$lambda$create$moveTagToEnumComponent$2$2 in create.mixins.json:datafixer.ItemStackComponentizationFixMixin from mod create
[10Juni2026 13:21:49.407] [main/DEBUG] [mixin/]: Renaming synthetic method lambda$create$fixItemsAndTranslateNBTIntoComponents$1(Lnet/minecraft/util/datafix/fixes/ItemStackComponentizationFix$ItemStackData;Lcom/mojang/serialization/Dynamic;)V to md3df1c8$create$lambda$create$fixItemsAndTranslateNBTIntoComponents$1$3 in create.mixins.json:datafixer.ItemStackComponentizationFixMixin from mod create
[10Juni2026 13:21:49.407] [main/DEBUG] [mixin/]: Renaming synthetic method lambda$create$fixItemsAndTranslateNBTIntoComponents$0(Lcom/mojang/serialization/Dynamic;Lnet/minecraft/util/datafix/fixes/ItemStackComponentizationFix$ItemStackData;Lcom/mojang/serialization/Dynamic;)V to md3df1c8$create$lambda$create$fixItemsAndTranslateNBTIntoComponents$0$4 in create.mixins.json:datafixer.ItemStackComponentizationFixMixin from mod create
[10Juni2026 13:21:49.593] [main/DEBUG] [mixin/]: create.mixins.json:datafixer.ItemStackComponentizationFixMixin from mod create->@Inject::create$fixItemsAndTranslateNBTIntoComponents(Lnet/minecraft/util/datafix/fixes/ItemStackComponentizationFix$ItemStackData;Lcom/mojang/serialization/Dynamic;Lorg/spongepowered/asm/mixin/injection/callback/CallbackInfo;)V doesn't use it's CallbackInfo
[10Juni2026 13:21:50.341] [main/DEBUG] [mixin/]: Mixing datafixer.V1460Mixin from create.mixins.json into net.minecraft.util.datafix.schemas.V1460
[10Juni2026 13:21:50.368] [main/DEBUG] [mixin/]: create.mixins.json:datafixer.V1460Mixin from mod create->@Inject::create$registerEntitiesToBeFixed(Lcom/mojang/datafixers/schemas/Schema;Lorg/spongepowered/asm/mixin/injection/callback/CallbackInfoReturnable;)V does use it's CallbackInfoReturnable
[10Juni2026 13:21:50.368] [main/DEBUG] [mixin/]: create.mixins.json:datafixer.V1460Mixin from mod create->@Inject::create$registerBlockEntitiesToBeFixed(Lcom/mojang/datafixers/schemas/Schema;Lorg/spongepowered/asm/mixin/injection/callback/CallbackInfoReturnable;)V does use it's CallbackInfoReturnable
[10Juni2026 13:21:51.198] [main/DEBUG] [mixin/]: Mixing accessor.SystemReportAccessor from create.mixins.json into net.minecraft.SystemReport
[10Juni2026 13:21:51.200] [main/DEBUG] [mixin/]: Renaming @Accessor method getOPERATING_SYSTEM()Ljava/lang/String; to getOPERATING_SYSTEM$create_$md$3df1c8$0 in create.mixins.json:accessor.SystemReportAccessor from mod create
[10Juni2026 13:21:51.202] [main/DEBUG] [mixin/]: Renaming @Accessor method getJAVA_VERSION()Ljava/lang/String; to getJAVA_VERSION$create_$md$3df1c8$1 in create.mixins.json:accessor.SystemReportAccessor from mod create
[10Juni2026 13:21:51.277] [main/DEBUG] [oshi.util.FileUtil/]: No oshi.properties file found from ClassLoader cpw.mods.modlauncher.TransformingClassLoader@6b667cb3
[10Juni2026 13:21:52.287] [main/DEBUG] [oshi.util.FileUtil/]: No oshi.architecture.properties file found from ClassLoader cpw.mods.modlauncher.TransformingClassLoader@6b667cb3
[10Juni2026 13:21:52.603] [pool-11-thread-1/DEBUG] [mixin/]: Mixing BuiltInRegistriesMixin from create.mixins.json into net.minecraft.core.registries.BuiltInRegistries
[10Juni2026 13:21:52.604] [pool-11-thread-1/DEBUG] [mixin/]: Renaming synthetic method lambda$create$ourRegistriesAreNotEmpty$0(Ljava/util/function/Consumer;Lnet/minecraft/core/Registry;)V to md3df1c8$create$lambda$create$ourRegistriesAreNotEmpty$0$0 in create.mixins.json:BuiltInRegistriesMixin from mod create
[10Juni2026 13:21:52.674] [pool-11-thread-1/DEBUG] [mixin/]: Mixing MappedRegistryAccessor from neoforge.mixins.json into net.minecraft.core.MappedRegistry
[10Juni2026 13:21:52.678] [pool-11-thread-1/DEBUG] [mixin/]: Mixing accessor.MappedRegistryAccessor from create.mixins.json into net.minecraft.core.MappedRegistry
[10Juni2026 13:21:52.800] [Datafixer Bootstrap/INFO] [com.mojang.datafixers.DataFixerBuilder/]: 229 Datafixer optimizations took 1620 milliseconds
[10Juni2026 13:21:52.907] [pool-11-thread-1/DEBUG] [mixin/]: Mixing accessor.AbstractRegistrateAccessor from create.mixins.json into com.tterrag.registrate.AbstractRegistrate
[10Juni2026 13:21:53.137] [pool-11-thread-1/DEBUG] [mixin/]: Mixing accessor.BlockBehaviourAccessor from create.mixins.json into net.minecraft.world.level.block.state.BlockBehaviour
[10Juni2026 13:21:53.158] [pool-11-thread-1/DEBUG] [mixin/]: Mixing EntityTypeMixin from flywheel.impl.mixins.json into net.minecraft.world.entity.EntityType
[10Juni2026 13:21:53.235] [pool-11-thread-1/DEBUG] [mixin/]: Mixing PlayerMixin from create.mixins.json into net.minecraft.world.entity.player.Player
[10Juni2026 13:21:53.340] [pool-11-thread-1/DEBUG] [mixin/]: Mixing CustomItemUseEffectsMixin from create.mixins.json into net.minecraft.world.entity.LivingEntity
[10Juni2026 13:21:53.388] [pool-11-thread-1/DEBUG] [mixin/]: Mixing LavaSwimmingMixin from create.mixins.json into net.minecraft.world.entity.LivingEntity
[10Juni2026 13:21:53.397] [pool-11-thread-1/DEBUG] [mixin/]: Mixing accessor.LivingEntityAccessor from create.mixins.json into net.minecraft.world.entity.LivingEntity
[10Juni2026 13:21:53.408] [pool-11-thread-1/DEBUG] [mixin/]: create.mixins.json:CustomItemUseEffectsMixin from mod create->@Inject::create$onShouldTriggerUseEffects(Lorg/spongepowered/asm/mixin/injection/callback/CallbackInfoReturnable;)V does use it's CallbackInfoReturnable
[10Juni2026 13:21:53.408] [pool-11-thread-1/DEBUG] [mixin/]: create.mixins.json:CustomItemUseEffectsMixin from mod create->@Inject::create$onTriggerUseEffects(Lnet/minecraft/world/item/ItemStack;ILorg/spongepowered/asm/mixin/injection/callback/CallbackInfo;)V does use it's CallbackInfo
[10Juni2026 13:21:53.408] [pool-11-thread-1/DEBUG] [mixin/]: create.mixins.json:LavaSwimmingMixin from mod create->@Inject::create$onLavaTravel(Lnet/minecraft/world/phys/Vec3;Lorg/spongepowered/asm/mixin/injection/callback/CallbackInfo;)V doesn't use it's CallbackInfo
[10Juni2026 13:21:53.408] [pool-11-thread-1/DEBUG] [mixin/]: create.mixins.json:LavaSwimmingMixin from mod create->@Inject::create$onLavaTravel(Lnet/minecraft/world/phys/Vec3;Lorg/spongepowered/asm/mixin/injection/callback/CallbackInfo;)V has 0 override(s) in child classes
[10Juni2026 13:21:53.410] [pool-11-thread-1/DEBUG] [mixin/]: create.mixins.json:LavaSwimmingMixin from mod create->@Inject::create$onLavaTravel(Lnet/minecraft/world/phys/Vec3;Lorg/spongepowered/asm/mixin/injection/callback/CallbackInfo;)V won't be passed a CallbackInfo as a result
[10Juni2026 13:21:53.455] [pool-11-thread-1/DEBUG] [mixin/]: Mixing accessor.EntityAccessor from ponder.mixins.json into net.minecraft.world.entity.Entity
[10Juni2026 13:21:53.455] [pool-11-thread-1/DEBUG] [mixin/]: ponder.mixins.json:accessor.EntityAccessor from mod ponder: Class version 65 required is higher than the class version supported by the current version of Mixin (JAVA_17 supports class version 61)
[10Juni2026 13:21:53.457] [pool-11-thread-1/DEBUG] [mixin/]: Mixing client.EntityContraptionInteractionMixin from create.mixins.json into net.minecraft.world.entity.Entity
[10Juni2026 13:21:53.461] [pool-11-thread-1/DEBUG] [mixin/]: Renaming synthetic method lambda$create$onSpawnSprintParticle$4(Lnet/minecraft/world/entity/Entity;Lnet/minecraft/core/BlockPos;Lcom/simibubi/create/content/contraptions/Contraption;Lnet/minecraft/world/level/block/state/BlockState;Lnet/minecraft/core/BlockPos;)V to md3df1c8$create$lambda$create$onSpawnSprintParticle$4$0 in create.mixins.json:client.EntityContraptionInteractionMixin from mod create
[10Juni2026 13:21:53.462] [pool-11-thread-1/DEBUG] [mixin/]: Renaming synthetic method lambda$create$onMove$3(Lnet/minecraft/world/phys/Vec3;Lnet/minecraft/world/entity/Entity;Lcom/simibubi/create/content/contraptions/AbstractContraptionEntity;)Z to md3df1c8$create$lambda$create$onMove$3$1 in create.mixins.json:client.EntityContraptionInteractionMixin from mod create
[10Juni2026 13:21:53.462] [pool-11-thread-1/DEBUG] [mixin/]: Renaming synthetic method lambda$create$contraptionStepSounds$2(Lorg/apache/commons/lang3/mutable/MutableBoolean;Lcom/simibubi/create/content/contraptions/Contraption;Lnet/minecraft/world/level/block/state/BlockState;Lnet/minecraft/core/BlockPos;)V to md3df1c8$create$lambda$create$contraptionStepSounds$2$2 in create.mixins.json:client.EntityContraptionInteractionMixin from mod create
[10Juni2026 13:21:53.463] [pool-11-thread-1/DEBUG] [mixin/]: Renaming synthetic method lambda$create$forCollision$1(Lnet/minecraft/world/phys/Vec3;Lorg/apache/logging/log4j/util/TriConsumer;Lcom/simibubi/create/content/contraptions/AbstractContraptionEntity;)V to md3df1c8$create$lambda$create$forCollision$1$3 in create.mixins.json:client.EntityContraptionInteractionMixin from mod create
[10Juni2026 13:21:53.463] [pool-11-thread-1/DEBUG] [mixin/]: Renaming synthetic method lambda$create$getIntersectionContraptionsStream$0(Lcom/simibubi/create/content/contraptions/AbstractContraptionEntity;)Z to md3df1c8$create$lambda$create$getIntersectionContraptionsStream$0$4 in create.mixins.json:client.EntityContraptionInteractionMixin from mod create
[10Juni2026 13:21:53.529] [pool-11-thread-1/DEBUG] [mixin/]: Mixing EntityMixin from create.mixins.json into net.minecraft.world.entity.Entity
[10Juni2026 13:21:53.574] [pool-11-thread-1/DEBUG] [mixin/]: create.mixins.json:client.EntityContraptionInteractionMixin from mod create->@Inject::create$contraptionStepSounds(Lnet/minecraft/world/entity/MoverType;Lnet/minecraft/world/phys/Vec3;Lorg/spongepowered/asm/mixin/injection/callback/CallbackInfo;)V doesn't use it's CallbackInfo
[10Juni2026 13:21:53.574] [pool-11-thread-1/DEBUG] [mixin/]: create.mixins.json:client.EntityContraptionInteractionMixin from mod create->@Inject::create$contraptionStepSounds(Lnet/minecraft/world/entity/MoverType;Lnet/minecraft/world/phys/Vec3;Lorg/spongepowered/asm/mixin/injection/callback/CallbackInfo;)V has 0 override(s) in child classes
[10Juni2026 13:21:53.575] [pool-11-thread-1/DEBUG] [mixin/]: create.mixins.json:client.EntityContraptionInteractionMixin from mod create->@Inject::create$contraptionStepSounds(Lnet/minecraft/world/entity/MoverType;Lnet/minecraft/world/phys/Vec3;Lorg/spongepowered/asm/mixin/injection/callback/CallbackInfo;)V won't be passed a CallbackInfo as a result
[10Juni2026 13:21:53.575] [pool-11-thread-1/DEBUG] [mixin/]: create.mixins.json:client.EntityContraptionInteractionMixin from mod create->@Inject::create$onMove(Lnet/minecraft/world/entity/MoverType;Lnet/minecraft/world/phys/Vec3;Lorg/spongepowered/asm/mixin/injection/callback/CallbackInfo;)V doesn't use it's CallbackInfo
[10Juni2026 13:21:53.577] [pool-11-thread-1/DEBUG] [mixin/]: create.mixins.json:client.EntityContraptionInteractionMixin from mod create->@Inject::create$onMove(Lnet/minecraft/world/entity/MoverType;Lnet/minecraft/world/phys/Vec3;Lorg/spongepowered/asm/mixin/injection/callback/CallbackInfo;)V has 0 override(s) in child classes
[10Juni2026 13:21:53.577] [pool-11-thread-1/DEBUG] [mixin/]: create.mixins.json:client.EntityContraptionInteractionMixin from mod create->@Inject::create$onMove(Lnet/minecraft/world/entity/MoverType;Lnet/minecraft/world/phys/Vec3;Lorg/spongepowered/asm/mixin/injection/callback/CallbackInfo;)V won't be passed a CallbackInfo as a result
[10Juni2026 13:21:53.578] [pool-11-thread-1/DEBUG] [mixin/]: create.mixins.json:client.EntityContraptionInteractionMixin from mod create->@Inject::create$onSpawnSprintParticle(Lorg/spongepowered/asm/mixin/injection/callback/CallbackInfo;)V doesn't use it's CallbackInfo
[10Juni2026 13:21:53.578] [pool-11-thread-1/DEBUG] [mixin/]: create.mixins.json:client.EntityContraptionInteractionMixin from mod create->@Inject::create$onSpawnSprintParticle(Lorg/spongepowered/asm/mixin/injection/callback/CallbackInfo;)V has 0 override(s) in child classes
[10Juni2026 13:21:53.580] [pool-11-thread-1/DEBUG] [mixin/]: create.mixins.json:client.EntityContraptionInteractionMixin from mod create->@Inject::create$onSpawnSprintParticle(Lorg/spongepowered/asm/mixin/injection/callback/CallbackInfo;)V won't be passed a CallbackInfo as a result
[10Juni2026 13:21:53.706] [pool-11-thread-1/DEBUG] [io.netty.util.internal.PlatformDependent0/]: -Dio.netty.noUnsafe: false
[10Juni2026 13:21:53.707] [pool-11-thread-1/DEBUG] [io.netty.util.internal.PlatformDependent0/]: Java version: 21
[10Juni2026 13:21:53.708] [pool-11-thread-1/DEBUG] [io.netty.util.internal.PlatformDependent0/]: sun.misc.Unsafe.theUnsafe: available
[10Juni2026 13:21:53.709] [pool-11-thread-1/DEBUG] [io.netty.util.internal.PlatformDependent0/]: sun.misc.Unsafe.copyMemory: available
[10Juni2026 13:21:53.709] [pool-11-thread-1/DEBUG] [io.netty.util.internal.PlatformDependent0/]: sun.misc.Unsafe.storeFence: available
[10Juni2026 13:21:53.710] [pool-11-thread-1/DEBUG] [io.netty.util.internal.PlatformDependent0/]: java.nio.Buffer.address: available
[10Juni2026 13:21:53.711] [pool-11-thread-1/DEBUG] [io.netty.util.internal.PlatformDependent0/]: direct buffer constructor: unavailable: Reflective setAccessible(true) disabled
[10Juni2026 13:21:53.712] [pool-11-thread-1/DEBUG] [io.netty.util.internal.PlatformDependent0/]: java.nio.Bits.unaligned: available, true
[10Juni2026 13:21:53.716] [pool-11-thread-1/DEBUG] [io.netty.util.internal.PlatformDependent0/]: jdk.internal.misc.Unsafe.allocateUninitializedArray(int): unavailable: class io.netty.util.internal.PlatformDependent0$7 (in module io.netty.common) cannot access class jdk.internal.misc.Unsafe (in module java.base) because module java.base does not export jdk.internal.misc to module io.netty.common
[10Juni2026 13:21:53.717] [pool-11-thread-1/DEBUG] [io.netty.util.internal.PlatformDependent0/]: java.nio.DirectByteBuffer.<init>(long, {int,long}): unavailable
[10Juni2026 13:21:53.717] [pool-11-thread-1/DEBUG] [io.netty.util.internal.PlatformDependent/]: sun.misc.Unsafe: available
[10Juni2026 13:21:53.718] [pool-11-thread-1/DEBUG] [io.netty.util.internal.PlatformDependent/]: maxDirectMemory: 3745513472 bytes (maybe)
[10Juni2026 13:21:53.719] [pool-11-thread-1/DEBUG] [io.netty.util.internal.PlatformDependent/]: -Dio.netty.tmpdir: C:\Users\Lukas\AppData\Local\Temp (java.io.tmpdir)
[10Juni2026 13:21:53.719] [pool-11-thread-1/DEBUG] [io.netty.util.internal.PlatformDependent/]: -Dio.netty.bitMode: 64 (sun.arch.data.model)
[10Juni2026 13:21:53.719] [pool-11-thread-1/DEBUG] [io.netty.util.internal.PlatformDependent/]: Platform: Windows
[10Juni2026 13:21:53.721] [pool-11-thread-1/DEBUG] [io.netty.util.internal.PlatformDependent/]: -Dio.netty.maxDirectMemory: -1 bytes
[10Juni2026 13:21:53.721] [pool-11-thread-1/DEBUG] [io.netty.util.internal.PlatformDependent/]: -Dio.netty.uninitializedArrayAllocationThreshold: -1
[10Juni2026 13:21:53.724] [pool-11-thread-1/DEBUG] [io.netty.util.internal.CleanerJava9/]: java.nio.ByteBuffer.cleaner(): available
[10Juni2026 13:21:53.725] [pool-11-thread-1/DEBUG] [io.netty.util.internal.PlatformDependent/]: -Dio.netty.noPreferDirect: false
[10Juni2026 13:21:53.740] [pool-11-thread-1/DEBUG] [mixin/]: Mixing accessor.StateHolderAccessor from create.mixins.json into net.minecraft.world.level.block.state.StateHolder
[10Juni2026 13:21:53.783] [pool-11-thread-1/DEBUG] [mixin/]: Mixing LevelMixin from flywheel.impl.mixins.json into net.minecraft.world.level.Level
[10Juni2026 13:21:53.801] [pool-11-thread-1/DEBUG] [mixin/]: Mixing accessor.ServerLevelAccessor from create.mixins.json into net.minecraft.server.level.ServerLevel
[10Juni2026 13:21:54.258] [pool-11-thread-1/DEBUG] [mixin/]: Mixing accessor.DispenserBlockAccessor from create.mixins.json into net.minecraft.world.level.block.DispenserBlock
[10Juni2026 13:21:54.583] [pool-11-thread-1/DEBUG] [mixin/]: Mixing ShulkerBoxBlockMixin from create.mixins.json into net.minecraft.world.level.block.ShulkerBoxBlock
[10Juni2026 13:21:54.729] [pool-11-thread-1/DEBUG] [mixin/]: Mixing WaterWheelFluidSpreadMixin from create.mixins.json into net.minecraft.world.level.material.FlowingFluid
[10Juni2026 13:21:54.744] [pool-11-thread-1/DEBUG] [mixin/]: Mixing accessor.FlowingFluidAccessor from create.mixins.json into net.minecraft.world.level.material.FlowingFluid
[10Juni2026 13:21:54.749] [pool-11-thread-1/DEBUG] [mixin/]: create.mixins.json:WaterWheelFluidSpreadMixin from mod create->@Inject::create$canPassThroughOnWaterWheel(Lnet/minecraft/world/level/BlockGetter;Lnet/minecraft/world/level/material/Fluid;Lnet/minecraft/core/BlockPos;Lnet/minecraft/world/level/block/state/BlockState;Lnet/minecraft/core/Direction;Lnet/minecraft/core/BlockPos;Lnet/minecraft/world/level/block/state/BlockState;Lnet/minecraft/world/level/material/FluidState;Lorg/spongepowered/asm/mixin/injection/callback/CallbackInfoReturnable;)V does use it's CallbackInfoReturnable
[10Juni2026 13:21:54.879] [pool-11-thread-1/DEBUG] [mixin/]: Mixing accessor.FallingBlockEntityAccessor from create.mixins.json into net.minecraft.world.entity.item.FallingBlockEntity
[10Juni2026 13:21:54.879] [pool-11-thread-1/DEBUG] [mixin/]: Renaming @Invoker method create$callInit(Lnet/minecraft/world/level/Level;DDDLnet/minecraft/world/level/block/state/BlockState;)Lnet/minecraft/world/entity/item/FallingBlockEntity; to callInit$create_$md$3df1c8$0 in create.mixins.json:accessor.FallingBlockEntityAccessor from mod create
[10Juni2026 13:21:54.888] [pool-11-thread-1/DEBUG] [mixin/]: Mixing visualmanage.BlockEntityMixin from flywheel.impl.mixins.json into net.minecraft.world.level.block.entity.BlockEntity
[10Juni2026 13:21:54.892] [pool-11-thread-1/DEBUG] [mixin/]: flywheel.impl.mixins.json:visualmanage.BlockEntityMixin from mod flywheel->@Inject::flywheel$removeVisual(Lorg/spongepowered/asm/mixin/injection/callback/CallbackInfo;)V doesn't use it's CallbackInfo
[10Juni2026 13:21:54.892] [pool-11-thread-1/DEBUG] [mixin/]: flywheel.impl.mixins.json:visualmanage.BlockEntityMixin from mod flywheel->@Inject::flywheel$removeVisual(Lorg/spongepowered/asm/mixin/injection/callback/CallbackInfo;)V has 0 override(s) in child classes
[10Juni2026 13:21:54.892] [pool-11-thread-1/DEBUG] [mixin/]: flywheel.impl.mixins.json:visualmanage.BlockEntityMixin from mod flywheel->@Inject::flywheel$removeVisual(Lorg/spongepowered/asm/mixin/injection/callback/CallbackInfo;)V won't be passed a CallbackInfo as a result
[10Juni2026 13:21:55.348] [pool-11-thread-1/DEBUG] [mixin/]: Mixing accessor.MobEffectInstanceAccessor from create.mixins.json into net.minecraft.world.effect.MobEffectInstance
[10Juni2026 13:21:55.411] [pool-11-thread-1/DEBUG] [mixin/]: Mixing MobMixin from create.mixins.json into net.minecraft.world.entity.Mob
[10Juni2026 13:21:55.552] [pool-11-thread-1/DEBUG] [mixin/]: Mixing BlockEntityTypeMixin from flywheel.impl.mixins.json into net.minecraft.world.level.block.entity.BlockEntityType
[10Juni2026 13:21:55.555] [pool-11-thread-1/DEBUG] [mixin/]: Mixing BlockEntityTypeAccessor from neoforge.mixins.json into net.minecraft.world.level.block.entity.BlockEntityType
[10Juni2026 13:21:56.481] [pool-11-thread-1/DEBUG] [mixin/]: Mixing SmithingMenuMixin from create.mixins.json into net.minecraft.world.inventory.SmithingMenu
[10Juni2026 13:21:56.483] [pool-11-thread-1/DEBUG] [mixin/]: Renaming synthetic method lambda$create$preventUnbreakingOnBacktanks$0(Lnet/minecraft/world/item/ItemStack;Lnet/minecraft/core/Holder;)Z to md3df1c8$create$lambda$create$preventUnbreakingOnBacktanks$0$0 in create.mixins.json:SmithingMenuMixin from mod create
[10Juni2026 13:21:56.497] [pool-11-thread-1/DEBUG] [mixin/]: create.mixins.json:SmithingMenuMixin from mod create->@Inject::create$awardAdvancementWhenTrimmingCardboardArmor(Lnet/minecraft/world/entity/player/Player;Lnet/minecraft/world/item/ItemStack;Lorg/spongepowered/asm/mixin/injection/callback/CallbackInfo;)V doesn't use it's CallbackInfo
[10Juni2026 13:21:56.497] [pool-11-thread-1/DEBUG] [mixin/]: create.mixins.json:SmithingMenuMixin from mod create->@Inject::create$awardAdvancementWhenTrimmingCardboardArmor(Lnet/minecraft/world/entity/player/Player;Lnet/minecraft/world/item/ItemStack;Lorg/spongepowered/asm/mixin/injection/callback/CallbackInfo;)V has 0 override(s) in child classes
[10Juni2026 13:21:56.498] [pool-11-thread-1/DEBUG] [mixin/]: create.mixins.json:SmithingMenuMixin from mod create->@Inject::create$awardAdvancementWhenTrimmingCardboardArmor(Lnet/minecraft/world/entity/player/Player;Lnet/minecraft/world/item/ItemStack;Lorg/spongepowered/asm/mixin/injection/callback/CallbackInfo;)V won't be passed a CallbackInfo as a result
[10Juni2026 13:21:57.821] [pool-11-thread-1/DEBUG] [mixin/]: Mixing BlockItemMixin from create.mixins.json into net.minecraft.world.item.BlockItem
[10Juni2026 13:21:57.825] [pool-11-thread-1/DEBUG] [mixin/]: create.mixins.json:BlockItemMixin from mod create->@Inject::create$fixDeployerPlacement(Lnet/minecraft/world/item/context/BlockPlaceContext;Lorg/spongepowered/asm/mixin/injection/callback/CallbackInfoReturnable;)V does use it's CallbackInfoReturnable
[10Juni2026 13:21:58.202] [pool-11-thread-1/DEBUG] [mixin/]: Mixing ArmorTrimMixin from create.mixins.json into net.minecraft.world.item.armortrim.ArmorTrim
[10Juni2026 13:21:58.202] [pool-11-thread-1/DEBUG] [mixin/]: Renaming synthetic method lambda$new$0(Ljava/lang/Boolean;Lnet/minecraft/core/Holder;)Lnet/minecraft/resources/ResourceLocation; to md3df1c8$create$lambda$new$0$0 in create.mixins.json:ArmorTrimMixin from mod create
[10Juni2026 13:21:58.210] [pool-11-thread-1/DEBUG] [mixin/]: create.mixins.json:ArmorTrimMixin from mod create->@Inject::create$swapTexturesForCardboardTrimsInner(Lnet/minecraft/core/Holder;Lorg/spongepowered/asm/mixin/injection/callback/CallbackInfoReturnable;)V does use it's CallbackInfoReturnable
[10Juni2026 13:21:58.211] [pool-11-thread-1/DEBUG] [mixin/]: create.mixins.json:ArmorTrimMixin from mod create->@Inject::create$swapTexturesForCardboardTrimsOuter(Lnet/minecraft/core/Holder;Lorg/spongepowered/asm/mixin/injection/callback/CallbackInfoReturnable;)V does use it's CallbackInfoReturnable
[10Juni2026 13:21:58.272] [pool-11-thread-1/DEBUG] [mixin/]: Mixing visualmanage.LevelChunkMixin from flywheel.impl.mixins.json into net.minecraft.world.level.chunk.LevelChunk
[10Juni2026 13:21:58.279] [pool-11-thread-1/DEBUG] [mixin/]: flywheel.impl.mixins.json:visualmanage.LevelChunkMixin from mod flywheel->@Inject::flywheel$onBlockEntityAdded(Lnet/minecraft/world/level/block/entity/BlockEntity;Lorg/spongepowered/asm/mixin/injection/callback/CallbackInfo;)V doesn't use it's CallbackInfo
[10Juni2026 13:21:58.279] [pool-11-thread-1/DEBUG] [mixin/]: flywheel.impl.mixins.json:visualmanage.LevelChunkMixin from mod flywheel->@Inject::flywheel$onBlockEntityAdded(Lnet/minecraft/world/level/block/entity/BlockEntity;Lorg/spongepowered/asm/mixin/injection/callback/CallbackInfo;)V has 0 override(s) in child classes
[10Juni2026 13:21:58.279] [pool-11-thread-1/DEBUG] [mixin/]: flywheel.impl.mixins.json:visualmanage.LevelChunkMixin from mod flywheel->@Inject::flywheel$onBlockEntityAdded(Lnet/minecraft/world/level/block/entity/BlockEntity;Lorg/spongepowered/asm/mixin/injection/callback/CallbackInfo;)V won't be passed a CallbackInfo as a result
[10Juni2026 13:21:58.399] [pool-11-thread-1/DEBUG] [mixin/]: Mixing accessor.UseOnContextAccessor from create.mixins.json into net.minecraft.world.item.context.UseOnContext
[10Juni2026 13:21:58.727] [pool-11-thread-1/DEBUG] [mixin/]: Mixing accessor.MinecartFurnaceAccessor from create.mixins.json into net.minecraft.world.entity.vehicle.MinecartFurnace
[10Juni2026 13:21:59.944] [pool-11-thread-1/DEBUG] [mixin/]: Mixing accessor.ProjectileDispenseBehaviorAccessor from create.mixins.json into net.minecraft.core.dispenser.ProjectileDispenseBehavior
[10Juni2026 13:22:00.087] [pool-11-thread-1/DEBUG] [mixin/]: Mixing accessor.ShapedRecipeAccessor from create.mixins.json into net.minecraft.world.item.crafting.ShapedRecipe
[10Juni2026 13:22:00.150] [pool-11-thread-1/DEBUG] [mixin/]: Mixing SmithingTrimRecipeMixin from create.mixins.json into net.minecraft.world.item.crafting.SmithingTrimRecipe
[10Juni2026 13:22:00.359] [pool-11-thread-1/DEBUG] [mixin/]: Mixing EnchantedCountIncreaseFunctionMixin from create.mixins.json into net.minecraft.world.level.storage.loot.functions.EnchantedCountIncreaseFunction
[10Juni2026 13:22:00.365] [pool-11-thread-1/DEBUG] [mixin/]: create.mixins.json:EnchantedCountIncreaseFunctionMixin from mod create->@Inject::fireWithoutAttackingEntity(Lnet/minecraft/world/item/ItemStack;Lnet/minecraft/world/level/storage/loot/LootContext;Lorg/spongepowered/asm/mixin/injection/callback/CallbackInfoReturnable;)V doesn't use it's CallbackInfoReturnable
[10Juni2026 13:22:00.366] [pool-11-thread-1/DEBUG] [mixin/]: create.mixins.json:EnchantedCountIncreaseFunctionMixin from mod create->@Inject::fireWithoutAttackingEntity(Lnet/minecraft/world/item/ItemStack;Lnet/minecraft/world/level/storage/loot/LootContext;Lorg/spongepowered/asm/mixin/injection/callback/CallbackInfoReturnable;)V has 0 override(s) in child classes
[10Juni2026 13:22:00.366] [pool-11-thread-1/DEBUG] [mixin/]: create.mixins.json:EnchantedCountIncreaseFunctionMixin from mod create->@Inject::fireWithoutAttackingEntity(Lnet/minecraft/world/item/ItemStack;Lnet/minecraft/world/level/storage/loot/LootContext;Lorg/spongepowered/asm/mixin/injection/callback/CallbackInfoReturnable;)V won't be passed a CallbackInfoReturnable as a result
[10Juni2026 13:22:02.116] [main/DEBUG] [mixin/]: Mixing accessor.MinecraftServerAccessor from ponder.mixins.json into net.minecraft.server.MinecraftServer
[10Juni2026 13:22:02.117] [main/DEBUG] [mixin/]: ponder.mixins.json:accessor.MinecraftServerAccessor from mod ponder: Class version 65 required is higher than the class version supported by the current version of Mixin (JAVA_17 supports class version 61)
[10Juni2026 13:22:02.252] [main/DEBUG] [mixin/]: Mixing MapItemSavedDataMixin from create.mixins.json into net.minecraft.world.level.saveddata.maps.MapItemSavedData
[10Juni2026 13:22:02.276] [main/DEBUG] [mixin/]: create.mixins.json:MapItemSavedDataMixin from mod create->@Inject::create$onLoad(Lnet/minecraft/nbt/CompoundTag;Lnet/minecraft/core/HolderLookup$Provider;Lorg/spongepowered/asm/mixin/injection/callback/CallbackInfoReturnable;)V does use it's CallbackInfoReturnable
[10Juni2026 13:22:02.276] [main/DEBUG] [mixin/]: create.mixins.json:MapItemSavedDataMixin from mod create->@Inject::create$onSave(Lnet/minecraft/nbt/CompoundTag;Lnet/minecraft/core/HolderLookup$Provider;Lorg/spongepowered/asm/mixin/injection/callback/CallbackInfoReturnable;)V doesn't use it's CallbackInfoReturnable
[10Juni2026 13:22:02.276] [main/DEBUG] [mixin/]: create.mixins.json:MapItemSavedDataMixin from mod create->@Inject::create$onSave(Lnet/minecraft/nbt/CompoundTag;Lnet/minecraft/core/HolderLookup$Provider;Lorg/spongepowered/asm/mixin/injection/callback/CallbackInfoReturnable;)V has 0 override(s) in child classes
[10Juni2026 13:22:02.276] [main/DEBUG] [mixin/]: create.mixins.json:MapItemSavedDataMixin from mod create->@Inject::create$onSave(Lnet/minecraft/nbt/CompoundTag;Lnet/minecraft/core/HolderLookup$Provider;Lorg/spongepowered/asm/mixin/injection/callback/CallbackInfoReturnable;)V won't be passed a CallbackInfoReturnable as a result
[10Juni2026 13:22:02.276] [main/DEBUG] [mixin/]: create.mixins.json:MapItemSavedDataMixin from mod create->@Inject::create$onCheckBanners(Lnet/minecraft/world/level/BlockGetter;IILorg/spongepowered/asm/mixin/injection/callback/CallbackInfo;)V doesn't use it's CallbackInfo
[10Juni2026 13:22:02.276] [main/DEBUG] [mixin/]: create.mixins.json:MapItemSavedDataMixin from mod create->@Inject::create$onCheckBanners(Lnet/minecraft/world/level/BlockGetter;IILorg/spongepowered/asm/mixin/injection/callback/CallbackInfo;)V has 0 override(s) in child classes
[10Juni2026 13:22:02.276] [main/DEBUG] [mixin/]: create.mixins.json:MapItemSavedDataMixin from mod create->@Inject::create$onCheckBanners(Lnet/minecraft/world/level/BlockGetter;IILorg/spongepowered/asm/mixin/injection/callback/CallbackInfo;)V won't be passed a CallbackInfo as a result
[10Juni2026 13:22:03.337] [main/DEBUG] [mixin/]: Mixing TestCommandMixin from create.mixins.json into net.minecraft.gametest.framework.TestCommand
[10Juni2026 13:22:03.483] [main/WARN] [net.minecraft.commands.Commands/]: Ambiguity between arguments [teleport, location] and [teleport, destination] with inputs: [0.1 -0.5 .9, 0 0 0]
[10Juni2026 13:22:03.486] [main/WARN] [net.minecraft.commands.Commands/]: Ambiguity between arguments [teleport, location] and [teleport, targets] with inputs: [0.1 -0.5 .9, 0 0 0]
[10Juni2026 13:22:03.493] [main/WARN] [net.minecraft.commands.Commands/]: Ambiguity between arguments [teleport, destination] and [teleport, targets] with inputs: [Player, 0123, @e, dd12be42-52a9-4a91-a8a1-11c01849e498]
[10Juni2026 13:22:03.495] [main/WARN] [net.minecraft.commands.Commands/]: Ambiguity between arguments [teleport, targets] and [teleport, destination] with inputs: [Player, 0123, dd12be42-52a9-4a91-a8a1-11c01849e498]
[10Juni2026 13:22:03.498] [main/WARN] [net.minecraft.commands.Commands/]: Ambiguity between arguments [teleport, targets, location] and [teleport, targets, destination] with inputs: [0.1 -0.5 .9, 0 0 0]
[10Juni2026 13:22:03.533] [Render thread/DEBUG] [mixin/]: Mixing RenderSystemMixin from flywheel.backend.mixins.json into com.mojang.blaze3d.systems.RenderSystem
[10Juni2026 13:22:03.535] [Render thread/DEBUG] [mixin/]: Mixing client.accessor.RenderSystemAccessor from ponder.mixins.json into com.mojang.blaze3d.systems.RenderSystem
[10Juni2026 13:22:03.536] [Render thread/DEBUG] [mixin/]: ponder.mixins.json:client.accessor.RenderSystemAccessor from mod ponder: Class version 65 required is higher than the class version supported by the current version of Mixin (JAVA_17 supports class version 61)
[10Juni2026 13:22:03.536] [Render thread/DEBUG] [mixin/]: Renaming @Accessor method catnip$getShaderLightDirections()[Lorg/joml/Vector3f; to catnip$getShaderLightDirections$ponder_$md$3df1c8$0 in ponder.mixins.json:client.accessor.RenderSystemAccessor from mod ponder
[10Juni2026 13:22:03.543] [Render thread/DEBUG] [mixin/]: flywheel.backend.mixins.json:RenderSystemMixin from mod flywheel->@Inject::flywheel$onInitRenderer(Lorg/spongepowered/asm/mixin/injection/callback/CallbackInfo;)V doesn't use it's CallbackInfo
[10Juni2026 13:22:03.543] [Render thread/DEBUG] [mixin/]: flywheel.backend.mixins.json:RenderSystemMixin from mod flywheel->@Inject::flywheel$onSetFogStart(Lorg/spongepowered/asm/mixin/injection/callback/CallbackInfo;)V doesn't use it's CallbackInfo
[10Juni2026 13:22:03.544] [Render thread/DEBUG] [mixin/]: flywheel.backend.mixins.json:RenderSystemMixin from mod flywheel->@Inject::flywheel$onSetFogEnd(Lorg/spongepowered/asm/mixin/injection/callback/CallbackInfo;)V doesn't use it's CallbackInfo
[10Juni2026 13:22:03.544] [Render thread/DEBUG] [mixin/]: flywheel.backend.mixins.json:RenderSystemMixin from mod flywheel->@Inject::flywheel$onSetFogShape(Lorg/spongepowered/asm/mixin/injection/callback/CallbackInfo;)V doesn't use it's CallbackInfo
[10Juni2026 13:22:03.544] [Render thread/DEBUG] [mixin/]: flywheel.backend.mixins.json:RenderSystemMixin from mod flywheel->@Inject::flywheel$onSetFogColor(Lorg/spongepowered/asm/mixin/injection/callback/CallbackInfo;)V doesn't use it's CallbackInfo
[10Juni2026 13:22:03.571] [Render thread/DEBUG] [mixin/]: Mixing client.accessor.ScreenAccessor from ponder.mixins.json into net.minecraft.client.gui.screens.Screen
[10Juni2026 13:22:03.573] [Render thread/DEBUG] [mixin/]: ponder.mixins.json:client.accessor.ScreenAccessor from mod ponder: Class version 65 required is higher than the class version supported by the current version of Mixin (JAVA_17 supports class version 61)
[10Juni2026 13:22:03.620] [Render thread/DEBUG] [mixin/]: Mixing client.HeavyBootsOnPlayerMixin from create.mixins.json into net.minecraft.client.player.LocalPlayer
[10Juni2026 13:22:03.627] [Render thread/DEBUG] [mixin/]: create.mixins.json:client.HeavyBootsOnPlayerMixin from mod create->@Inject::create$noSwimmingWithHeavyBootsOn(Lorg/spongepowered/asm/mixin/injection/callback/CallbackInfoReturnable;)V does use it's CallbackInfoReturnable
[10Juni2026 13:22:03.633] [Render thread/DEBUG] [mixin/]: Mixing AbstractClientPlayerAccessor from flywheel.backend.mixins.json into net.minecraft.client.player.AbstractClientPlayer
[10Juni2026 13:22:03.657] [Render thread/DEBUG] [mixin/]: Mixing accessor.TimerAccessor from ponder.mixins.json into net.minecraft.client.DeltaTracker$Timer
[10Juni2026 13:22:03.657] [Render thread/DEBUG] [mixin/]: ponder.mixins.json:accessor.TimerAccessor from mod ponder: Class version 65 required is higher than the class version supported by the current version of Mixin (JAVA_17 supports class version 61)
[10Juni2026 13:22:03.657] [Render thread/DEBUG] [mixin/]: Mixing accessor.TimerAccessor from create.mixins.json into net.minecraft.client.DeltaTracker$Timer
[10Juni2026 13:22:03.809] [Render thread/WARN] [net.minecraft.server.packs.VanillaPackResourcesBuilder/]: Assets URL 'union:/F:/Games/MODS/crafts_construct/build/moddev/artifacts/neoforge-21.1.139.jar%23185!/assets/.mcassetsroot' uses unexpected schema
[10Juni2026 13:22:03.810] [Render thread/WARN] [net.minecraft.server.packs.VanillaPackResourcesBuilder/]: Assets URL 'union:/F:/Games/MODS/crafts_construct/build/moddev/artifacts/neoforge-21.1.139.jar%23185!/data/.mcassetsroot' uses unexpected schema
[10Juni2026 13:22:03.879] [Render thread/INFO] [com.mojang.authlib.yggdrasil.YggdrasilAuthenticationService/]: Environment: Environment[sessionHost=https://sessionserver.mojang.com, servicesHost=https://api.minecraftservices.com, name=PROD]
[10Juni2026 13:22:03.898] [Render thread/INFO] [net.minecraft.client.Minecraft/]: Setting user: Dev
[10Juni2026 13:22:03.907] [Render thread/DEBUG] [mixin/]: Mixing OptionsMixin from flywheel.backend.mixins.json into net.minecraft.client.Options
[10Juni2026 13:22:03.910] [Render thread/DEBUG] [mixin/]: flywheel.backend.mixins.json:OptionsMixin from mod flywheel->@Inject::flywheel$onLoad(Lorg/spongepowered/asm/mixin/injection/callback/CallbackInfo;)V doesn't use it's CallbackInfo
[10Juni2026 13:22:03.911] [Render thread/DEBUG] [mixin/]: flywheel.backend.mixins.json:OptionsMixin from mod flywheel->@Inject::flywheel$onLoad(Lorg/spongepowered/asm/mixin/injection/callback/CallbackInfo;)V has 0 override(s) in child classes
[10Juni2026 13:22:03.911] [Render thread/DEBUG] [mixin/]: flywheel.backend.mixins.json:OptionsMixin from mod flywheel->@Inject::flywheel$onLoad(Lorg/spongepowered/asm/mixin/injection/callback/CallbackInfo;)V won't be passed a CallbackInfo as a result
[10Juni2026 13:22:03.911] [Render thread/DEBUG] [mixin/]: flywheel.backend.mixins.json:OptionsMixin from mod flywheel->@Inject::flywheel$onSave(Lorg/spongepowered/asm/mixin/injection/callback/CallbackInfo;)V doesn't use it's CallbackInfo
[10Juni2026 13:22:03.911] [Render thread/DEBUG] [mixin/]: flywheel.backend.mixins.json:OptionsMixin from mod flywheel->@Inject::flywheel$onSave(Lorg/spongepowered/asm/mixin/injection/callback/CallbackInfo;)V has 0 override(s) in child classes
[10Juni2026 13:22:03.911] [Render thread/DEBUG] [mixin/]: flywheel.backend.mixins.json:OptionsMixin from mod flywheel->@Inject::flywheel$onSave(Lorg/spongepowered/asm/mixin/injection/callback/CallbackInfo;)V won't be passed a CallbackInfo as a result
[10Juni2026 13:22:04.110] [Render thread/INFO] [net.minecraft.client.Minecraft/]: Backend library: LWJGL version 3.3.3+5
[10Juni2026 13:22:04.155] [Render thread/DEBUG] [mixin/]: Mixing GlStateManagerMixin from flywheel.backend.mixins.json into com.mojang.blaze3d.platform.GlStateManager
[10Juni2026 13:22:04.176] [Render thread/DEBUG] [mixin/]: flywheel.backend.mixins.json:GlStateManagerMixin from mod flywheel->@Inject::flywheel$onBindBuffer(IILorg/spongepowered/asm/mixin/injection/callback/CallbackInfo;)V doesn't use it's CallbackInfo
[10Juni2026 13:22:04.176] [Render thread/DEBUG] [mixin/]: flywheel.backend.mixins.json:GlStateManagerMixin from mod flywheel->@Inject::flywheel$onBindVertexArray(ILorg/spongepowered/asm/mixin/injection/callback/CallbackInfo;)V doesn't use it's CallbackInfo
[10Juni2026 13:22:04.176] [Render thread/DEBUG] [mixin/]: flywheel.backend.mixins.json:GlStateManagerMixin from mod flywheel->@Inject::flywheel$onUseProgram(ILorg/spongepowered/asm/mixin/injection/callback/CallbackInfo;)V doesn't use it's CallbackInfo
[10Juni2026 13:22:04.176] [Render thread/DEBUG] [mixin/]: flywheel.backend.mixins.json:GlStateManagerMixin from mod flywheel->@Inject::flywheel$onSetupLevelDiffuseLighting(Lorg/joml/Vector3f;Lorg/joml/Vector3f;Lorg/joml/Matrix4f;Lorg/spongepowered/asm/mixin/injection/callback/CallbackInfo;)V doesn't use it's CallbackInfo
[10Juni2026 13:22:04.286] [Render thread/DEBUG] [mixin/]: Mixing accessor.MouseHandlerAccessor from create.mixins.json into net.minecraft.client.MouseHandler
[10Juni2026 13:22:04.487] [Render thread/DEBUG] [net.neoforged.fml.ModWorkManager/LOADING]: Using 8 threads for parallel mod-loading
[10Juni2026 13:22:04.511] [Render thread/DEBUG] [net.neoforged.fml.javafmlmod.FMLModContainer/LOADING]: Creating FMLModContainer instance for [dev.engine_room.flywheel.impl.FlywheelNeoForge]
[10Juni2026 13:22:04.517] [Render thread/DEBUG] [net.neoforged.fml.javafmlmod.FMLModContainer/LOADING]: Creating FMLModContainer instance for [net.createmod.ponder.NeoForgePonder, net.createmod.ponder.NeoForgePonderClient]
[10Juni2026 13:22:04.519] [Render thread/DEBUG] [net.neoforged.fml.javafmlmod.FMLModContainer/LOADING]: Creating FMLModContainer instance for [com.simibubi.create.Create, com.simibubi.create.CreateClient]
[10Juni2026 13:22:04.522] [Render thread/DEBUG] [net.neoforged.fml.javafmlmod.FMLModContainer/LOADING]: Creating FMLModContainer instance for [net.neoforged.neoforge.common.NeoForgeMod, net.neoforged.neoforge.client.ClientNeoForgeMod]
[10Juni2026 13:22:04.528] [Render thread/DEBUG] [net.neoforged.fml.javafmlmod.FMLModContainer/LOADING]: Creating FMLModContainer instance for [net.buildercraft.craftsconstruct]
[10Juni2026 13:22:04.531] [Render thread/DEBUG] [net.neoforged.fml.javafmlmod.FMLModContainer/LOADING]: Creating FMLModContainer instance for [mezz.jei.neoforge.JustEnoughItems]
[10Juni2026 13:22:04.600] [modloading-worker-0/DEBUG] [net.neoforged.fml.config.ConfigTracker/CONFIG]: Config file flywheel-client.toml for flywheel tracking
[10Juni2026 13:22:04.601] [modloading-worker-0/DEBUG] [net.neoforged.fml.config.ConfigTracker/CONFIG]: Config file jei-server.toml for jei tracking
[10Juni2026 13:22:04.628] [modloading-worker-0/DEBUG] [net.neoforged.neoforge.internal.versions.neoforge.NeoForgeVersion/CORE]: Found NeoForge version 21.1.139
[10Juni2026 13:22:04.630] [modloading-worker-0/DEBUG] [net.neoforged.neoforge.internal.versions.neoforge.NeoForgeVersion/CORE]: Found FML version 4.0.38
[10Juni2026 13:22:04.630] [modloading-worker-0/INFO] [net.neoforged.neoforge.common.NeoForgeMod/NEOFORGE-MOD]: NeoForge mod loading, version 21.1.139, for MC 1.21.1
[10Juni2026 13:22:04.645] [modloading-worker-0/DEBUG] [net.neoforged.fml.config.ConfigTracker/CONFIG]: Config file neoforge-client.toml for neoforge tracking
[10Juni2026 13:22:04.645] [modloading-worker-0/DEBUG] [net.neoforged.fml.config.ConfigTracker/CONFIG]: Config file neoforge-server.toml for neoforge tracking
[10Juni2026 13:22:04.645] [modloading-worker-0/DEBUG] [mezz.jei.common.platform.Services/]: Loaded mezz.jei.neoforge.platform.PlatformHelper@3fad00b for service interface mezz.jei.common.platform.IPlatformHelper
[10Juni2026 13:22:04.645] [modloading-worker-0/DEBUG] [net.neoforged.fml.config.ConfigTracker/CONFIG]: Config file neoforge-common.toml for neoforge tracking
[10Juni2026 13:22:04.685] [modloading-worker-0/DEBUG] [net.neoforged.fml.javafmlmod.AutomaticEventSubscriber/LOADING]: Attempting to inject @EventBusSubscriber classes into the eventbus for flywheel
[10Juni2026 13:22:04.705] [modloading-worker-0/DEBUG] [net.neoforged.fml.config.ConfigTracker/CONFIG]: Config file ponder-client.toml for ponder tracking
[10Juni2026 13:22:04.707] [modloading-worker-0/DEBUG] [net.neoforged.fml.javafmlmod.AutomaticEventSubscriber/LOADING]: Attempting to inject @EventBusSubscriber classes into the eventbus for ponder
[10Juni2026 13:22:04.709] [modloading-worker-0/DEBUG] [net.neoforged.fml.javafmlmod.AutomaticEventSubscriber/LOADING]: Auto-subscribing net.createmod.ponder.NeoForgePonderClient$ClientEvents to GAME
[10Juni2026 13:22:04.724] [modloading-worker-0/DEBUG] [net.neoforged.fml.javafmlmod.AutomaticEventSubscriber/LOADING]: Auto-subscribing net.createmod.ponder.NeoForgePonder$ModBusEvents to MOD
[10Juni2026 13:22:04.727] [modloading-worker-0/DEBUG] [net.neoforged.fml.javafmlmod.AutomaticEventSubscriber/LOADING]: Auto-subscribing net.createmod.ponder.NeoForgePonder$Events to GAME
[10Juni2026 13:22:04.728] [modloading-worker-0/DEBUG] [net.neoforged.fml.javafmlmod.AutomaticEventSubscriber/LOADING]: Auto-subscribing net.createmod.ponder.NeoForgePonderClient$ModBusClientEvents to MOD
[10Juni2026 13:22:04.737] [modloading-worker-0/INFO] [com.simibubi.create.Create/]: Create 6.0.4 initializing! Commit hash: 8d3eda53e4de913a966c9daf050e3fb893b5d638
[10Juni2026 13:22:04.743] [modloading-worker-0/DEBUG] [mezz.jei.common.config.file.ConfigSerializer/]: Loading config file: F:\Games\MODS\crafts_construct\run\config\jei\jei-debug.ini
[10Juni2026 13:22:04.748] [modloading-worker-0/DEBUG] [mixin/]: Mixing client.accessor.RenderTypeAccessor from ponder.mixins.json into net.minecraft.client.renderer.RenderType
[10Juni2026 13:22:04.752] [modloading-worker-0/DEBUG] [mixin/]: ponder.mixins.json:client.accessor.RenderTypeAccessor from mod ponder: Class version 65 required is higher than the class version supported by the current version of Mixin (JAVA_17 supports class version 61)
[10Juni2026 13:22:04.752] [modloading-worker-0/DEBUG] [mixin/]: Renaming @Invoker method catnip$create(Ljava/lang/String;Lcom/mojang/blaze3d/vertex/VertexFormat;Lcom/mojang/blaze3d/vertex/VertexFormat$Mode;IZZLnet/minecraft/client/renderer/RenderType$CompositeState;)Lnet/minecraft/client/renderer/RenderType$CompositeRenderType; to catnip$create$ponder_$md$3df1c8$0 in ponder.mixins.json:client.accessor.RenderTypeAccessor from mod ponder
[10Juni2026 13:22:04.791] [modloading-worker-0/DEBUG] [mezz.jei.common.config.file.ConfigSchema/]: Localization has not loaded yet, waiting to save the config file until JEI starts.
[10Juni2026 13:22:04.792] [modloading-worker-0/DEBUG] [net.neoforged.fml.javafmlmod.AutomaticEventSubscriber/LOADING]: Attempting to inject @EventBusSubscriber classes into the eventbus for neoforge
[10Juni2026 13:22:04.793] [modloading-worker-0/DEBUG] [net.neoforged.fml.javafmlmod.AutomaticEventSubscriber/LOADING]: Auto-subscribing net.neoforged.neoforge.server.command.ConfigCommand to GAME
[10Juni2026 13:22:04.793] [modloading-worker-0/DEBUG] [net.neoforged.fml.javafmlmod.AutomaticEventSubscriber/LOADING]: Auto-subscribing net.neoforged.neoforge.network.filters.GenericPacketSplitter to MOD
[10Juni2026 13:22:04.799] [modloading-worker-0/DEBUG] [mixin/]: Mixing client.accessor.GameRendererAccessor from ponder.mixins.json into net.minecraft.client.renderer.GameRenderer
[10Juni2026 13:22:04.799] [modloading-worker-0/DEBUG] [mixin/]: ponder.mixins.json:client.accessor.GameRendererAccessor from mod ponder: Class version 65 required is higher than the class version supported by the current version of Mixin (JAVA_17 supports class version 61)
[10Juni2026 13:22:04.799] [modloading-worker-0/DEBUG] [mixin/]: Mixing client.GameRendererMixin from create.mixins.json into net.minecraft.client.renderer.GameRenderer
[10Juni2026 13:22:04.803] [modloading-worker-0/DEBUG] [mixin/]: create.mixins.json:client.GameRendererMixin from mod create->@Inject::create$bigShapePick(Lorg/spongepowered/asm/mixin/injection/callback/CallbackInfo;)V doesn't use it's CallbackInfo
[10Juni2026 13:22:04.803] [modloading-worker-0/DEBUG] [mixin/]: create.mixins.json:client.GameRendererMixin from mod create->@Inject::create$bigShapePick(Lorg/spongepowered/asm/mixin/injection/callback/CallbackInfo;)V has 0 override(s) in child classes
[10Juni2026 13:22:04.803] [modloading-worker-0/DEBUG] [mixin/]: create.mixins.json:client.GameRendererMixin from mod create->@Inject::create$bigShapePick(Lorg/spongepowered/asm/mixin/injection/callback/CallbackInfo;)V won't be passed a CallbackInfo as a result
[10Juni2026 13:22:04.806] [modloading-worker-0/DEBUG] [mezz.jei.common.config.file.ConfigSerializer/]: Loading config file: F:\Games\MODS\crafts_construct\run\config\jei\jei-mod-id-format.ini
[10Juni2026 13:22:04.821] [modloading-worker-0/DEBUG] [mezz.jei.common.config.file.ConfigSchema/]: Localization has not loaded yet, waiting to save the config file until JEI starts.
[10Juni2026 13:22:04.827] [modloading-worker-0/DEBUG] [mezz.jei.common.config.file.ConfigSerializer/]: Loading config file: F:\Games\MODS\crafts_construct\run\config\jei\jei-colors.ini
[10Juni2026 13:22:04.842] [modloading-worker-0/DEBUG] [mezz.jei.common.config.file.ConfigSchema/]: Localization has not loaded yet, waiting to save the config file until JEI starts.
[10Juni2026 13:22:04.852] [modloading-worker-0/DEBUG] [io.netty.buffer.AbstractByteBuf/]: -Dio.netty.buffer.checkAccessible: true
[10Juni2026 13:22:04.853] [modloading-worker-0/DEBUG] [io.netty.buffer.AbstractByteBuf/]: -Dio.netty.buffer.checkBounds: true
[10Juni2026 13:22:04.855] [modloading-worker-0/DEBUG] [io.netty.util.ResourceLeakDetectorFactory/]: Loaded default ResourceLeakDetector: io.netty.util.ResourceLeakDetector@299e8b8c
[10Juni2026 13:22:04.860] [modloading-worker-0/DEBUG] [mezz.jei.common.config.file.ConfigSerializer/]: Loading config file: F:\Games\MODS\crafts_construct\run\config\jei\jei-client.ini
[10Juni2026 13:22:04.872] [modloading-worker-0/DEBUG] [io.netty.util.internal.InternalThreadLocalMap/]: -Dio.netty.threadLocalMap.stringBuilder.initialSize: 1024
[10Juni2026 13:22:04.872] [modloading-worker-0/DEBUG] [io.netty.util.internal.InternalThreadLocalMap/]: -Dio.netty.threadLocalMap.stringBuilder.maxSize: 4096
[10Juni2026 13:22:04.872] [modloading-worker-0/DEBUG] [mezz.jei.common.config.file.ConfigSchema/]: Localization has not loaded yet, waiting to save the config file until JEI starts.
[10Juni2026 13:22:04.878] [modloading-worker-0/DEBUG] [io.netty.buffer.PooledByteBufAllocator/]: -Dio.netty.allocator.numHeapArenas: 16
[10Juni2026 13:22:04.878] [modloading-worker-0/DEBUG] [io.netty.buffer.PooledByteBufAllocator/]: -Dio.netty.allocator.numDirectArenas: 16
[10Juni2026 13:22:04.878] [modloading-worker-0/DEBUG] [io.netty.buffer.PooledByteBufAllocator/]: -Dio.netty.allocator.pageSize: 8192
[10Juni2026 13:22:04.878] [modloading-worker-0/INFO] [mezz.jei.library.load.PluginCaller/]: Sending ConfigManager...
[10Juni2026 13:22:04.878] [modloading-worker-0/DEBUG] [io.netty.buffer.PooledByteBufAllocator/]: -Dio.netty.allocator.maxOrder: 9
[10Juni2026 13:22:04.880] [modloading-worker-0/DEBUG] [io.netty.buffer.PooledByteBufAllocator/]: -Dio.netty.allocator.chunkSize: 4194304
[10Juni2026 13:22:04.882] [modloading-worker-0/DEBUG] [io.netty.buffer.PooledByteBufAllocator/]: -Dio.netty.allocator.smallCacheSize: 256
[10Juni2026 13:22:04.882] [modloading-worker-0/DEBUG] [io.netty.buffer.PooledByteBufAllocator/]: -Dio.netty.allocator.normalCacheSize: 64
[10Juni2026 13:22:04.883] [modloading-worker-0/DEBUG] [io.netty.buffer.PooledByteBufAllocator/]: -Dio.netty.allocator.maxCachedBufferCapacity: 32768
[10Juni2026 13:22:04.883] [modloading-worker-0/DEBUG] [mezz.jei.library.load.PluginCallerTimerRunnable/]: Sending ConfigManager: jei:minecraft...
[10Juni2026 13:22:04.883] [modloading-worker-0/DEBUG] [io.netty.buffer.PooledByteBufAllocator/]: -Dio.netty.allocator.cacheTrimInterval: 8192
[10Juni2026 13:22:04.883] [modloading-worker-0/DEBUG] [mezz.jei.library.load.PluginCallerTimerRunnable/]: Sending ConfigManager: create:jei_plugin...
[10Juni2026 13:22:04.883] [modloading-worker-0/DEBUG] [mezz.jei.library.load.PluginCallerTimerRunnable/]: Sending ConfigManager: jei:neoforge_gui...
[10Juni2026 13:22:04.883] [modloading-worker-0/DEBUG] [mezz.jei.library.load.PluginCallerTimerRunnable/]: Sending ConfigManager: jei:debug...
[10Juni2026 13:22:04.883] [modloading-worker-0/DEBUG] [mezz.jei.library.load.PluginCallerTimerRunnable/]: Sending ConfigManager: jei:gui...
[10Juni2026 13:22:04.883] [modloading-worker-0/DEBUG] [io.netty.buffer.PooledByteBufAllocator/]: -Dio.netty.allocator.cacheTrimIntervalMillis: 0
[10Juni2026 13:22:04.883] [modloading-worker-0/DEBUG] [mezz.jei.library.load.PluginCallerTimerRunnable/]: Sending ConfigManager: jei:internal...
[10Juni2026 13:22:04.883] [modloading-worker-0/DEBUG] [io.netty.buffer.PooledByteBufAllocator/]: -Dio.netty.allocator.useCacheForAllThreads: false
[10Juni2026 13:22:04.884] [modloading-worker-0/DEBUG] [io.netty.buffer.PooledByteBufAllocator/]: -Dio.netty.allocator.maxCachedByteBuffersPerChunk: 1023
[10Juni2026 13:22:04.886] [modloading-worker-0/INFO] [mezz.jei.library.load.PluginCaller/]: Sending ConfigManager took 4.712 ms
[10Juni2026 13:22:04.898] [modloading-worker-0/DEBUG] [net.neoforged.fml.javafmlmod.AutomaticEventSubscriber/LOADING]: Attempting to inject @EventBusSubscriber classes into the eventbus for jei
[10Juni2026 13:22:04.903] [modloading-worker-0/DEBUG] [mixin/]: Mixing client.accessor.ItemRendererAccessor from ponder.mixins.json into net.minecraft.client.renderer.entity.ItemRenderer
[10Juni2026 13:22:04.903] [modloading-worker-0/DEBUG] [io.netty.buffer.ByteBufUtil/]: -Dio.netty.allocator.type: pooled
[10Juni2026 13:22:04.903] [modloading-worker-0/DEBUG] [io.netty.buffer.ByteBufUtil/]: -Dio.netty.threadLocalDirectBufferSize: 0
[10Juni2026 13:22:04.903] [modloading-worker-0/DEBUG] [mixin/]: ponder.mixins.json:client.accessor.ItemRendererAccessor from mod ponder: Class version 65 required is higher than the class version supported by the current version of Mixin (JAVA_17 supports class version 61)
[10Juni2026 13:22:04.905] [modloading-worker-0/DEBUG] [io.netty.buffer.ByteBufUtil/]: -Dio.netty.maxThreadLocalCharBufferSize: 16384
[10Juni2026 13:22:04.926] [modloading-worker-0/DEBUG] [net.neoforged.fml.javafmlmod.AutomaticEventSubscriber/LOADING]: Auto-subscribing net.neoforged.neoforge.network.NetworkInitialization to MOD
[10Juni2026 13:22:04.927] [modloading-worker-0/DEBUG] [mixin/]: Mixing LevelRendererAccessor from flywheel.backend.mixins.json into net.minecraft.client.renderer.LevelRenderer
[10Juni2026 13:22:04.927] [modloading-worker-0/DEBUG] [mixin/]: Mixing fix.FixFabulousDepthMixin from flywheel.impl.mixins.json into net.minecraft.client.renderer.LevelRenderer
[10Juni2026 13:22:04.928] [modloading-worker-0/DEBUG] [mixin/]: Mixing visualmanage.LevelRendererMixin from flywheel.impl.mixins.json into net.minecraft.client.renderer.LevelRenderer
[10Juni2026 13:22:04.930] [modloading-worker-0/DEBUG] [mixin/]: Mixing accessor.LevelRendererAccessor from create.mixins.json into net.minecraft.client.renderer.LevelRenderer
[10Juni2026 13:22:04.931] [modloading-worker-0/DEBUG] [mixin/]: Mixing client.LevelRendererMixin from create.mixins.json into net.minecraft.client.renderer.LevelRenderer
[10Juni2026 13:22:04.932] [modloading-worker-0/DEBUG] [mixin/]: Renaming synthetic method lambda$create$onDestroyBlockProgress$0(J)Ljava/util/SortedSet; to md3df1c8$create$lambda$create$onDestroyBlockProgress$0$0 in create.mixins.json:client.LevelRendererMixin from mod create
[10Juni2026 13:22:04.940] [modloading-worker-0/DEBUG] [mixin/]: Mixing LevelRendererMixin from flywheel.impl.mixins.json into net.minecraft.client.renderer.LevelRenderer
[10Juni2026 13:22:04.968] [modloading-worker-0/DEBUG] [mixin/]: flywheel.impl.mixins.json:fix.FixFabulousDepthMixin from mod flywheel->@Inject::flywheel$disableTransparencyShaderDepth(Lorg/spongepowered/asm/mixin/injection/callback/CallbackInfo;)V doesn't use it's CallbackInfo
[10Juni2026 13:22:04.968] [modloading-worker-0/DEBUG] [mixin/]: flywheel.impl.mixins.json:fix.FixFabulousDepthMixin from mod flywheel->@Inject::flywheel$disableTransparencyShaderDepth(Lorg/spongepowered/asm/mixin/injection/callback/CallbackInfo;)V has 0 override(s) in child classes
[10Juni2026 13:22:04.968] [modloading-worker-0/DEBUG] [mixin/]: flywheel.impl.mixins.json:fix.FixFabulousDepthMixin from mod flywheel->@Inject::flywheel$disableTransparencyShaderDepth(Lorg/spongepowered/asm/mixin/injection/callback/CallbackInfo;)V won't be passed a CallbackInfo as a result
[10Juni2026 13:22:04.969] [modloading-worker-0/DEBUG] [mixin/]: flywheel.impl.mixins.json:visualmanage.LevelRendererMixin from mod flywheel->@Inject::flywheel$checkUpdate(Lnet/minecraft/core/BlockPos;Lnet/minecraft/world/level/block/state/BlockState;Lnet/minecraft/world/level/block/state/BlockState;Lorg/spongepowered/asm/mixin/injection/callback/CallbackInfo;)V doesn't use it's CallbackInfo
[10Juni2026 13:22:04.969] [modloading-worker-0/DEBUG] [mixin/]: flywheel.impl.mixins.json:visualmanage.LevelRendererMixin from mod flywheel->@Inject::flywheel$checkUpdate(Lnet/minecraft/core/BlockPos;Lnet/minecraft/world/level/block/state/BlockState;Lnet/minecraft/world/level/block/state/BlockState;Lorg/spongepowered/asm/mixin/injection/callback/CallbackInfo;)V has 0 override(s) in child classes
[10Juni2026 13:22:04.969] [modloading-worker-0/DEBUG] [mixin/]: flywheel.impl.mixins.json:visualmanage.LevelRendererMixin from mod flywheel->@Inject::flywheel$checkUpdate(Lnet/minecraft/core/BlockPos;Lnet/minecraft/world/level/block/state/BlockState;Lnet/minecraft/world/level/block/state/BlockState;Lorg/spongepowered/asm/mixin/injection/callback/CallbackInfo;)V won't be passed a CallbackInfo as a result
[10Juni2026 13:22:04.969] [modloading-worker-0/DEBUG] [mixin/]: create.mixins.json:client.LevelRendererMixin from mod create->@Inject::create$onDestroyBlockProgress(ILnet/minecraft/core/BlockPos;ILorg/spongepowered/asm/mixin/injection/callback/CallbackInfo;Lnet/minecraft/server/level/BlockDestructionProgress;)V doesn't use it's CallbackInfo
[10Juni2026 13:22:04.969] [modloading-worker-0/DEBUG] [mixin/]: create.mixins.json:client.LevelRendererMixin from mod create->@Inject::create$onDestroyBlockProgress(ILnet/minecraft/core/BlockPos;ILorg/spongepowered/asm/mixin/injection/callback/CallbackInfo;Lnet/minecraft/server/level/BlockDestructionProgress;)V has 0 override(s) in child classes
[10Juni2026 13:22:04.969] [modloading-worker-0/DEBUG] [mixin/]: create.mixins.json:client.LevelRendererMixin from mod create->@Inject::create$onDestroyBlockProgress(ILnet/minecraft/core/BlockPos;ILorg/spongepowered/asm/mixin/injection/callback/CallbackInfo;Lnet/minecraft/server/level/BlockDestructionProgress;)V won't be passed a CallbackInfo as a result
[10Juni2026 13:22:04.969] [modloading-worker-0/DEBUG] [mixin/]: create.mixins.json:client.LevelRendererMixin from mod create->@Inject::create$onRemoveProgress(Lnet/minecraft/server/level/BlockDestructionProgress;Lorg/spongepowered/asm/mixin/injection/callback/CallbackInfo;)V doesn't use it's CallbackInfo
[10Juni2026 13:22:04.969] [modloading-worker-0/DEBUG] [mixin/]: create.mixins.json:client.LevelRendererMixin from mod create->@Inject::create$onRemoveProgress(Lnet/minecraft/server/level/BlockDestructionProgress;Lorg/spongepowered/asm/mixin/injection/callback/CallbackInfo;)V has 0 override(s) in child classes
[10Juni2026 13:22:04.970] [modloading-worker-0/DEBUG] [mixin/]: create.mixins.json:client.LevelRendererMixin from mod create->@Inject::create$onRemoveProgress(Lnet/minecraft/server/level/BlockDestructionProgress;Lorg/spongepowered/asm/mixin/injection/callback/CallbackInfo;)V won't be passed a CallbackInfo as a result
[10Juni2026 13:22:04.970] [modloading-worker-0/DEBUG] [mixin/]: flywheel.impl.mixins.json:LevelRendererMixin from mod flywheel->@Inject::flywheel$beginRender(Lnet/minecraft/client/DeltaTracker;ZLnet/minecraft/client/Camera;Lnet/minecraft/client/renderer/GameRenderer;Lnet/minecraft/client/renderer/LightTexture;Lorg/joml/Matrix4f;Lorg/joml/Matrix4f;Lorg/spongepowered/asm/mixin/injection/callback/CallbackInfo;)V doesn't use it's CallbackInfo
[10Juni2026 13:22:04.970] [modloading-worker-0/DEBUG] [mixin/]: flywheel.impl.mixins.json:LevelRendererMixin from mod flywheel->@Inject::flywheel$beginRender(Lnet/minecraft/client/DeltaTracker;ZLnet/minecraft/client/Camera;Lnet/minecraft/client/renderer/GameRenderer;Lnet/minecraft/client/renderer/LightTexture;Lorg/joml/Matrix4f;Lorg/joml/Matrix4f;Lorg/spongepowered/asm/mixin/injection/callback/CallbackInfo;)V has 0 override(s) in child classes
[10Juni2026 13:22:04.970] [modloading-worker-0/DEBUG] [mixin/]: flywheel.impl.mixins.json:LevelRendererMixin from mod flywheel->@Inject::flywheel$beginRender(Lnet/minecraft/client/DeltaTracker;ZLnet/minecraft/client/Camera;Lnet/minecraft/client/renderer/GameRenderer;Lnet/minecraft/client/renderer/LightTexture;Lorg/joml/Matrix4f;Lorg/joml/Matrix4f;Lorg/spongepowered/asm/mixin/injection/callback/CallbackInfo;)V won't be passed a CallbackInfo as a result
[10Juni2026 13:22:04.970] [modloading-worker-0/DEBUG] [mixin/]: flywheel.impl.mixins.json:LevelRendererMixin from mod flywheel->@Inject::flywheel$endRender(Lorg/spongepowered/asm/mixin/injection/callback/CallbackInfo;)V doesn't use it's CallbackInfo
[10Juni2026 13:22:04.970] [modloading-worker-0/DEBUG] [mixin/]: flywheel.impl.mixins.json:LevelRendererMixin from mod flywheel->@Inject::flywheel$endRender(Lorg/spongepowered/asm/mixin/injection/callback/CallbackInfo;)V has 0 override(s) in child classes
[10Juni2026 13:22:04.970] [modloading-worker-0/DEBUG] [mixin/]: flywheel.impl.mixins.json:LevelRendererMixin from mod flywheel->@Inject::flywheel$endRender(Lorg/spongepowered/asm/mixin/injection/callback/CallbackInfo;)V won't be passed a CallbackInfo as a result
[10Juni2026 13:22:04.970] [modloading-worker-0/DEBUG] [mixin/]: flywheel.impl.mixins.json:LevelRendererMixin from mod flywheel->@Inject::flywheel$reload(Lorg/spongepowered/asm/mixin/injection/callback/CallbackInfo;)V doesn't use it's CallbackInfo
[10Juni2026 13:22:04.970] [modloading-worker-0/DEBUG] [mixin/]: flywheel.impl.mixins.json:LevelRendererMixin from mod flywheel->@Inject::flywheel$reload(Lorg/spongepowered/asm/mixin/injection/callback/CallbackInfo;)V has 0 override(s) in child classes
[10Juni2026 13:22:04.970] [modloading-worker-0/DEBUG] [mixin/]: flywheel.impl.mixins.json:LevelRendererMixin from mod flywheel->@Inject::flywheel$reload(Lorg/spongepowered/asm/mixin/injection/callback/CallbackInfo;)V won't be passed a CallbackInfo as a result
[10Juni2026 13:22:04.970] [modloading-worker-0/DEBUG] [mixin/]: flywheel.impl.mixins.json:LevelRendererMixin from mod flywheel->@Inject::flywheel$beforeBlockEntities(Lorg/spongepowered/asm/mixin/injection/callback/CallbackInfo;)V doesn't use it's CallbackInfo
[10Juni2026 13:22:04.970] [modloading-worker-0/DEBUG] [mixin/]: flywheel.impl.mixins.json:LevelRendererMixin from mod flywheel->@Inject::flywheel$beforeBlockEntities(Lorg/spongepowered/asm/mixin/injection/callback/CallbackInfo;)V has 0 override(s) in child classes
[10Juni2026 13:22:04.970] [modloading-worker-0/DEBUG] [mixin/]: flywheel.impl.mixins.json:LevelRendererMixin from mod flywheel->@Inject::flywheel$beforeBlockEntities(Lorg/spongepowered/asm/mixin/injection/callback/CallbackInfo;)V won't be passed a CallbackInfo as a result
[10Juni2026 13:22:04.972] [modloading-worker-0/DEBUG] [mixin/]: flywheel.impl.mixins.json:LevelRendererMixin from mod flywheel->@Inject::flywheel$beforeRenderCrumbling(Lorg/spongepowered/asm/mixin/injection/callback/CallbackInfo;)V doesn't use it's CallbackInfo
[10Juni2026 13:22:04.972] [modloading-worker-0/DEBUG] [mixin/]: flywheel.impl.mixins.json:LevelRendererMixin from mod flywheel->@Inject::flywheel$beforeRenderCrumbling(Lorg/spongepowered/asm/mixin/injection/callback/CallbackInfo;)V has 0 override(s) in child classes
[10Juni2026 13:22:04.972] [modloading-worker-0/DEBUG] [mixin/]: flywheel.impl.mixins.json:LevelRendererMixin from mod flywheel->@Inject::flywheel$beforeRenderCrumbling(Lorg/spongepowered/asm/mixin/injection/callback/CallbackInfo;)V won't be passed a CallbackInfo as a result
[10Juni2026 13:22:04.972] [modloading-worker-0/DEBUG] [mixin/]: flywheel.impl.mixins.json:LevelRendererMixin from mod flywheel->@Inject::flywheel$decideNotToRenderEntity(Lnet/minecraft/world/entity/Entity;DDDFLcom/mojang/blaze3d/vertex/PoseStack;Lnet/minecraft/client/renderer/MultiBufferSource;Lorg/spongepowered/asm/mixin/injection/callback/CallbackInfo;)V does use it's CallbackInfo
[10Juni2026 13:22:04.975] [modloading-worker-0/DEBUG] [net.neoforged.fml.javafmlmod.AutomaticEventSubscriber/LOADING]: Auto-subscribing net.neoforged.neoforge.network.ConfigurationInitialization to MOD
[10Juni2026 13:22:04.981] [modloading-worker-0/DEBUG] [net.neoforged.fml.javafmlmod.AutomaticEventSubscriber/LOADING]: Auto-subscribing net.neoforged.neoforge.common.MonsterRoomHooks to GAME
[10Juni2026 13:22:04.983] [modloading-worker-0/DEBUG] [net.neoforged.fml.javafmlmod.AutomaticEventSubscriber/LOADING]: Auto-subscribing net.neoforged.neoforge.common.DeferredSpawnEggItem$CommonHandler to MOD
[10Juni2026 13:22:04.986] [modloading-worker-0/DEBUG] [net.neoforged.fml.javafmlmod.AutomaticEventSubscriber/LOADING]: Auto-subscribing net.neoforged.neoforge.common.DeferredSpawnEggItem$ColorRegisterHandler to MOD
[10Juni2026 13:22:04.988] [modloading-worker-0/DEBUG] [net.neoforged.fml.javafmlmod.AutomaticEventSubscriber/LOADING]: Auto-subscribing net.neoforged.neoforge.client.model.data.ModelDataManager to GAME
[10Juni2026 13:22:04.993] [modloading-worker-0/DEBUG] [net.neoforged.fml.javafmlmod.AutomaticEventSubscriber/LOADING]: Auto-subscribing net.neoforged.neoforge.client.ParticleBoundsDebugRenderer to GAME
[10Juni2026 13:22:04.994] [modloading-worker-0/DEBUG] [mixin/]: Mixing PoseStackAccessor from flywheel.impl.mixins.json into com.mojang.blaze3d.vertex.PoseStack
[10Juni2026 13:22:04.995] [modloading-worker-0/DEBUG] [mixin/]: Mixing PoseStackMixin from flywheel.impl.mixins.json into com.mojang.blaze3d.vertex.PoseStack
[10Juni2026 13:22:05.006] [modloading-worker-0/DEBUG] [net.neoforged.fml.javafmlmod.AutomaticEventSubscriber/LOADING]: Auto-subscribing net.neoforged.neoforge.client.ClientHooks$ClientEvents to MOD
[10Juni2026 13:22:05.007] [modloading-worker-0/DEBUG] [net.neoforged.fml.javafmlmod.AutomaticEventSubscriber/LOADING]: Auto-subscribing net.neoforged.neoforge.client.BlockEntityRenderBoundsDebugRenderer to GAME
[10Juni2026 13:22:05.010] [modloading-worker-0/DEBUG] [net.neoforged.fml.javafmlmod.AutomaticEventSubscriber/LOADING]: Auto-subscribing net.neoforged.neoforge.attachment.AttachmentInternals to GAME
[10Juni2026 13:22:05.010] [modloading-worker-0/DEBUG] [net.neoforged.fml.config.ConfigTracker/CONFIG]: Config file crafts_construct-common.toml for crafts_construct tracking
[10Juni2026 13:22:05.010] [modloading-worker-0/DEBUG] [net.neoforged.fml.javafmlmod.AutomaticEventSubscriber/LOADING]: Attempting to inject @EventBusSubscriber classes into the eventbus for crafts_construct
[10Juni2026 13:22:05.010] [modloading-worker-0/DEBUG] [net.neoforged.fml.javafmlmod.AutomaticEventSubscriber/LOADING]: Auto-subscribing net.buildercraft.Config to MOD
[10Juni2026 13:22:05.011] [modloading-worker-0/DEBUG] [net.neoforged.fml.javafmlmod.AutomaticEventSubscriber/LOADING]: Auto-subscribing net.buildercraft.craftsconstruct$ClientModEvents to MOD
[10Juni2026 13:22:05.013] [modloading-worker-0/DEBUG] [net.neoforged.fml.javafmlmod.AutomaticEventSubscriber/LOADING]: Auto-subscribing net.buildercraft.data.Data to MOD
[10Juni2026 13:22:05.017] [modloading-worker-0/DEBUG] [net.neoforged.fml.javafmlmod.AutomaticEventSubscriber/LOADING]: Auto-subscribing net.buildercraft.registry.ModEvents to GAME
[10Juni2026 13:22:05.359] [modloading-worker-0/DEBUG] [Ponder/]: Loaded net.createmod.catnip.platform.NeoForgePlatformHelper@69bc5606 for service interface net.createmod.catnip.platform.services.PlatformHelper
[10Juni2026 13:22:05.360] [modloading-worker-0/DEBUG] [Ponder/]: Loaded net.createmod.catnip.platform.NeoForgeFluidHelper@2554913d for service interface net.createmod.catnip.platform.services.ModFluidHelper
[10Juni2026 13:22:05.361] [modloading-worker-0/DEBUG] [Ponder/]: Loaded net.createmod.catnip.platform.NeoForgeHooksHelper@6bbf611c for service interface net.createmod.catnip.platform.services.ModHooksHelper
[10Juni2026 13:22:05.363] [modloading-worker-0/DEBUG] [Ponder/]: Loaded net.createmod.catnip.platform.NeoForgeNetworkHelper@265acbc7 for service interface net.createmod.catnip.platform.services.NetworkHelper
[10Juni2026 13:22:06.020] [modloading-worker-0/DEBUG] [mixin/]: Mixing accessor.ItemStackHandlerAccessor from create.mixins.json into net.neoforged.neoforge.items.ItemStackHandler
[10Juni2026 13:22:06.628] [modloading-worker-0/DEBUG] [net.neoforged.fml.config.ConfigTracker/CONFIG]: Config file create-common.toml for create tracking
[10Juni2026 13:22:06.628] [modloading-worker-0/DEBUG] [net.neoforged.fml.config.ConfigTracker/CONFIG]: Config file create-client.toml for create tracking
[10Juni2026 13:22:06.628] [modloading-worker-0/DEBUG] [net.neoforged.fml.config.ConfigTracker/CONFIG]: Config file create-server.toml for create tracking
[10Juni2026 13:22:06.716] [modloading-worker-0/DEBUG] [net.neoforged.fml.javafmlmod.AutomaticEventSubscriber/LOADING]: Attempting to inject @EventBusSubscriber classes into the eventbus for create
[10Juni2026 13:22:06.718] [modloading-worker-0/DEBUG] [net.neoforged.fml.javafmlmod.AutomaticEventSubscriber/LOADING]: Auto-subscribing com.simibubi.create.compat.trainmap.TrainMapEvents to GAME
[10Juni2026 13:22:06.723] [modloading-worker-0/DEBUG] [net.neoforged.fml.javafmlmod.AutomaticEventSubscriber/LOADING]: Auto-subscribing com.simibubi.create.content.redstone.displayLink.ClickToLinkBlockItem to GAME
[10Juni2026 13:22:06.728] [modloading-worker-0/DEBUG] [net.neoforged.fml.javafmlmod.AutomaticEventSubscriber/LOADING]: Auto-subscribing com.simibubi.create.content.redstone.link.LinkHandler to GAME
[10Juni2026 13:22:06.729] [modloading-worker-0/DEBUG] [net.neoforged.fml.javafmlmod.AutomaticEventSubscriber/LOADING]: Auto-subscribing com.simibubi.create.content.fluids.FluidReactions to GAME
[10Juni2026 13:22:06.731] [modloading-worker-0/DEBUG] [net.neoforged.fml.javafmlmod.AutomaticEventSubscriber/LOADING]: Auto-subscribing com.simibubi.create.content.fluids.FluidBottleItemHook to GAME
[10Juni2026 13:22:06.733] [modloading-worker-0/DEBUG] [net.neoforged.fml.javafmlmod.AutomaticEventSubscriber/LOADING]: Auto-subscribing com.simibubi.create.content.logistics.box.PackageClientInteractionHandler to GAME
[10Juni2026 13:22:06.733] [modloading-worker-0/DEBUG] [net.neoforged.fml.javafmlmod.AutomaticEventSubscriber/LOADING]: Auto-subscribing com.simibubi.create.content.logistics.depot.EjectorTargetHandler to GAME
[10Juni2026 13:22:06.737] [modloading-worker-0/DEBUG] [net.neoforged.fml.javafmlmod.AutomaticEventSubscriber/LOADING]: Auto-subscribing com.simibubi.create.content.logistics.itemHatch.ItemHatchHandler to GAME
[10Juni2026 13:22:06.738] [modloading-worker-0/DEBUG] [net.neoforged.fml.javafmlmod.AutomaticEventSubscriber/LOADING]: Auto-subscribing com.simibubi.create.content.logistics.funnel.FunnelItem to GAME
[10Juni2026 13:22:06.739] [modloading-worker-0/DEBUG] [net.neoforged.fml.javafmlmod.AutomaticEventSubscriber/LOADING]: Auto-subscribing com.simibubi.create.content.logistics.stockTicker.StockTickerInteractionHandler to GAME
[10Juni2026 13:22:06.741] [modloading-worker-0/DEBUG] [net.neoforged.fml.javafmlmod.AutomaticEventSubscriber/LOADING]: Auto-subscribing com.simibubi.create.content.kinetics.deployer.DeployerFakePlayer to GAME
[10Juni2026 13:22:06.795] [modloading-worker-0/DEBUG] [net.neoforged.fml.javafmlmod.AutomaticEventSubscriber/LOADING]: Auto-subscribing com.simibubi.create.content.kinetics.deployer.ManualApplicationRecipe to GAME
[10Juni2026 13:22:06.797] [modloading-worker-0/DEBUG] [net.neoforged.fml.javafmlmod.AutomaticEventSubscriber/LOADING]: Auto-subscribing com.simibubi.create.content.kinetics.chainConveyor.ChainConveyorConnectionHandler to GAME
[10Juni2026 13:22:06.799] [modloading-worker-0/DEBUG] [net.neoforged.fml.javafmlmod.AutomaticEventSubscriber/LOADING]: Auto-subscribing com.simibubi.create.content.kinetics.chainConveyor.ChainConveyorInteractionHandler to GAME
[10Juni2026 13:22:06.803] [modloading-worker-0/DEBUG] [net.neoforged.fml.javafmlmod.AutomaticEventSubscriber/LOADING]: Auto-subscribing com.simibubi.create.content.kinetics.mechanicalArm.ArmInteractionPointHandler to GAME
[10Juni2026 13:22:06.806] [modloading-worker-0/DEBUG] [net.neoforged.fml.javafmlmod.AutomaticEventSubscriber/LOADING]: Auto-subscribing com.simibubi.create.content.kinetics.crusher.CrushingWheelBlockEntity to GAME
[10Juni2026 13:22:06.810] [modloading-worker-0/DEBUG] [net.neoforged.fml.javafmlmod.AutomaticEventSubscriber/LOADING]: Auto-subscribing com.simibubi.create.content.kinetics.crank.ValveHandleBlock to GAME
[10Juni2026 13:22:06.813] [modloading-worker-0/DEBUG] [net.neoforged.fml.javafmlmod.AutomaticEventSubscriber/LOADING]: Auto-subscribing com.simibubi.create.content.trains.track.TrackBlockItem to GAME
[10Juni2026 13:22:06.814] [modloading-worker-0/DEBUG] [net.neoforged.fml.javafmlmod.AutomaticEventSubscriber/LOADING]: Auto-subscribing com.simibubi.create.content.trains.track.TrackBlockOutline to GAME
[10Juni2026 13:22:06.820] [modloading-worker-0/DEBUG] [net.neoforged.fml.javafmlmod.AutomaticEventSubscriber/LOADING]: Auto-subscribing com.simibubi.create.content.trains.schedule.ScheduleItemEntityInteraction to GAME
[10Juni2026 13:22:06.822] [modloading-worker-0/DEBUG] [net.neoforged.fml.javafmlmod.AutomaticEventSubscriber/LOADING]: Auto-subscribing com.simibubi.create.content.equipment.extendoGrip.ExtendoGripRenderHandler to GAME
[10Juni2026 13:22:06.823] [modloading-worker-0/DEBUG] [net.neoforged.fml.javafmlmod.AutomaticEventSubscriber/LOADING]: Auto-subscribing com.simibubi.create.content.equipment.extendoGrip.ExtendoGripItem to GAME
[10Juni2026 13:22:06.827] [modloading-worker-0/DEBUG] [net.neoforged.fml.javafmlmod.AutomaticEventSubscriber/LOADING]: Auto-subscribing com.simibubi.create.content.equipment.tool.CardboardSwordItem to GAME
[10Juni2026 13:22:06.828] [modloading-worker-0/DEBUG] [net.neoforged.fml.javafmlmod.AutomaticEventSubscriber/LOADING]: Auto-subscribing com.simibubi.create.content.equipment.wrench.WrenchEventHandler to GAME
[10Juni2026 13:22:06.830] [modloading-worker-0/DEBUG] [net.neoforged.fml.javafmlmod.AutomaticEventSubscriber/LOADING]: Auto-subscribing com.simibubi.create.content.equipment.armor.NetheriteBacktankFirstPersonRenderer to GAME
[10Juni2026 13:22:06.832] [modloading-worker-0/DEBUG] [net.neoforged.fml.javafmlmod.AutomaticEventSubscriber/LOADING]: Auto-subscribing com.simibubi.create.content.equipment.armor.CardboardArmorHandlerClient to GAME
[10Juni2026 13:22:06.836] [modloading-worker-0/DEBUG] [net.neoforged.fml.javafmlmod.AutomaticEventSubscriber/LOADING]: Auto-subscribing com.simibubi.create.content.equipment.armor.DivingBootsItem to GAME
[10Juni2026 13:22:06.837] [modloading-worker-0/DEBUG] [net.neoforged.fml.javafmlmod.AutomaticEventSubscriber/LOADING]: Auto-subscribing com.simibubi.create.content.equipment.armor.DivingHelmetItem to GAME
[10Juni2026 13:22:06.838] [modloading-worker-0/DEBUG] [net.neoforged.fml.javafmlmod.AutomaticEventSubscriber/LOADING]: Auto-subscribing com.simibubi.create.content.equipment.armor.NetheriteDivingHandler to GAME
[10Juni2026 13:22:06.841] [modloading-worker-0/DEBUG] [net.neoforged.fml.javafmlmod.AutomaticEventSubscriber/LOADING]: Auto-subscribing com.simibubi.create.content.equipment.armor.CardboardArmorHandler to GAME
[10Juni2026 13:22:06.843] [modloading-worker-0/DEBUG] [net.neoforged.fml.javafmlmod.AutomaticEventSubscriber/LOADING]: Auto-subscribing com.simibubi.create.content.equipment.bell.HauntedBellPulser to GAME
[10Juni2026 13:22:06.844] [modloading-worker-0/DEBUG] [net.neoforged.fml.javafmlmod.AutomaticEventSubscriber/LOADING]: Auto-subscribing com.simibubi.create.content.equipment.symmetryWand.SymmetryHandler to GAME
[10Juni2026 13:22:06.846] [modloading-worker-0/DEBUG] [net.neoforged.fml.javafmlmod.AutomaticEventSubscriber/LOADING]: Auto-subscribing com.simibubi.create.content.equipment.zapper.ZapperInteractionHandler to GAME
[10Juni2026 13:22:06.849] [modloading-worker-0/DEBUG] [net.neoforged.fml.javafmlmod.AutomaticEventSubscriber/LOADING]: Auto-subscribing com.simibubi.create.content.equipment.clipboard.ClipboardValueSettingsHandler to GAME
[10Juni2026 13:22:06.852] [modloading-worker-0/DEBUG] [net.neoforged.fml.javafmlmod.AutomaticEventSubscriber/LOADING]: Auto-subscribing com.simibubi.create.content.contraptions.render.ContraptionRenderInfoManager to GAME
[10Juni2026 13:22:06.856] [modloading-worker-0/DEBUG] [net.neoforged.fml.javafmlmod.AutomaticEventSubscriber/LOADING]: Auto-subscribing com.simibubi.create.content.contraptions.mounted.MinecartContraptionItem to GAME
[10Juni2026 13:22:06.858] [modloading-worker-0/DEBUG] [net.neoforged.fml.javafmlmod.AutomaticEventSubscriber/LOADING]: Auto-subscribing com.simibubi.create.content.contraptions.ContraptionHandlerClient to GAME
[10Juni2026 13:22:06.860] [modloading-worker-0/DEBUG] [net.neoforged.fml.javafmlmod.AutomaticEventSubscriber/LOADING]: Auto-subscribing com.simibubi.create.content.contraptions.glue.SuperGlueHandler to GAME
[10Juni2026 13:22:06.862] [modloading-worker-0/DEBUG] [net.neoforged.fml.javafmlmod.AutomaticEventSubscriber/LOADING]: Auto-subscribing com.simibubi.create.content.contraptions.glue.SuperGlueItem to GAME
[10Juni2026 13:22:06.863] [modloading-worker-0/DEBUG] [net.neoforged.fml.javafmlmod.AutomaticEventSubscriber/LOADING]: Auto-subscribing com.simibubi.create.content.contraptions.minecart.CouplingHandler to GAME
[10Juni2026 13:22:06.868] [modloading-worker-0/DEBUG] [net.neoforged.fml.javafmlmod.AutomaticEventSubscriber/LOADING]: Auto-subscribing com.simibubi.create.content.contraptions.minecart.MinecartCouplingItem to GAME
[10Juni2026 13:22:06.869] [modloading-worker-0/DEBUG] [net.neoforged.fml.javafmlmod.AutomaticEventSubscriber/LOADING]: Auto-subscribing com.simibubi.create.content.processing.burner.BlazeBurnerHandler to GAME
[10Juni2026 13:22:06.871] [modloading-worker-0/DEBUG] [net.neoforged.fml.javafmlmod.AutomaticEventSubscriber/LOADING]: Auto-subscribing com.simibubi.create.AllKeys to MOD
[10Juni2026 13:22:06.876] [modloading-worker-0/DEBUG] [net.neoforged.fml.javafmlmod.AutomaticEventSubscriber/LOADING]: Auto-subscribing com.simibubi.create.impl.registry.CreateRegistriesImpl to MOD
[10Juni2026 13:22:06.877] [modloading-worker-0/DEBUG] [net.neoforged.fml.javafmlmod.AutomaticEventSubscriber/LOADING]: Auto-subscribing com.simibubi.create.infrastructure.RemapHelper to MOD
[10Juni2026 13:22:06.883] [modloading-worker-0/DEBUG] [net.neoforged.fml.javafmlmod.AutomaticEventSubscriber/LOADING]: Auto-subscribing com.simibubi.create.infrastructure.config.AllConfigs to MOD
[10Juni2026 13:22:06.886] [modloading-worker-0/DEBUG] [net.neoforged.fml.javafmlmod.AutomaticEventSubscriber/LOADING]: Auto-subscribing com.simibubi.create.infrastructure.gui.OpenCreateMenuButton$OpenConfigButtonHandler to GAME
[10Juni2026 13:22:06.888] [modloading-worker-0/DEBUG] [net.neoforged.fml.javafmlmod.AutomaticEventSubscriber/LOADING]: Auto-subscribing com.simibubi.create.infrastructure.gametest.CreateGameTests to MOD
[10Juni2026 13:22:06.897] [modloading-worker-0/DEBUG] [net.neoforged.fml.javafmlmod.AutomaticEventSubscriber/LOADING]: Auto-subscribing com.simibubi.create.foundation.events.ClientEvents$ModBusEvents to MOD
[10Juni2026 13:22:06.902] [modloading-worker-0/DEBUG] [net.neoforged.fml.javafmlmod.AutomaticEventSubscriber/LOADING]: Auto-subscribing com.simibubi.create.foundation.events.CommonEvents to GAME
[10Juni2026 13:22:06.907] [modloading-worker-0/DEBUG] [net.neoforged.fml.javafmlmod.AutomaticEventSubscriber/LOADING]: Auto-subscribing com.simibubi.create.foundation.events.CommonEvents$ModBusEvents to MOD
[10Juni2026 13:22:06.909] [modloading-worker-0/DEBUG] [net.neoforged.fml.javafmlmod.AutomaticEventSubscriber/LOADING]: Auto-subscribing com.simibubi.create.foundation.events.ClientEvents to GAME
[10Juni2026 13:22:06.924] [modloading-worker-0/DEBUG] [net.neoforged.fml.javafmlmod.AutomaticEventSubscriber/LOADING]: Auto-subscribing com.simibubi.create.foundation.events.InputEvents to GAME
[10Juni2026 13:22:06.929] [modloading-worker-0/DEBUG] [net.neoforged.fml.javafmlmod.AutomaticEventSubscriber/LOADING]: Auto-subscribing com.simibubi.create.foundation.render.RenderTypes$Shaders to MOD
[10Juni2026 13:22:06.930] [modloading-worker-0/DEBUG] [net.neoforged.fml.javafmlmod.AutomaticEventSubscriber/LOADING]: Auto-subscribing com.simibubi.create.foundation.block.ItemUseOverrides to GAME
[10Juni2026 13:22:06.931] [modloading-worker-0/DEBUG] [net.neoforged.fml.javafmlmod.AutomaticEventSubscriber/LOADING]: Auto-subscribing com.simibubi.create.foundation.blockEntity.behaviour.ValueSettingsInputHandler to GAME
[10Juni2026 13:22:06.933] [modloading-worker-0/DEBUG] [net.neoforged.fml.javafmlmod.AutomaticEventSubscriber/LOADING]: Auto-subscribing com.simibubi.create.foundation.blockEntity.behaviour.edgeInteraction.EdgeInteractionHandler to GAME
[10Juni2026 13:22:08.270] [modloading-sync-worker/DEBUG] [mixin/]: Mixing client.HumanoidModelMixin from create.mixins.json into net.minecraft.client.model.HumanoidModel
[10Juni2026 13:22:08.278] [modloading-sync-worker/DEBUG] [mixin/]: create.mixins.json:client.HumanoidModelMixin from mod create->@Inject::create$afterSetupAnim(Lnet/minecraft/world/entity/LivingEntity;FFFFFLorg/spongepowered/asm/mixin/injection/callback/CallbackInfo;)V doesn't use it's CallbackInfo
[10Juni2026 13:22:08.280] [modloading-sync-worker/DEBUG] [mixin/]: create.mixins.json:client.HumanoidModelMixin from mod create->@Inject::create$afterSetupAnim(Lnet/minecraft/world/entity/LivingEntity;FFFFFLorg/spongepowered/asm/mixin/injection/callback/CallbackInfo;)V has 0 override(s) in child classes
[10Juni2026 13:22:08.280] [modloading-sync-worker/DEBUG] [mixin/]: create.mixins.json:client.HumanoidModelMixin from mod create->@Inject::create$afterSetupAnim(Lnet/minecraft/world/entity/LivingEntity;FFFFFLorg/spongepowered/asm/mixin/injection/callback/CallbackInfo;)V won't be passed a CallbackInfo as a result
[10Juni2026 13:22:08.280] [modloading-sync-worker/DEBUG] [mixin/]: create.mixins.json:client.HumanoidModelMixin from mod create->@Inject::create$afterSetupAnim(Lnet/minecraft/world/entity/LivingEntity;FFFFFLorg/spongepowered/asm/mixin/injection/callback/CallbackInfo;)V doesn't use it's CallbackInfo
[10Juni2026 13:22:08.280] [modloading-sync-worker/DEBUG] [mixin/]: create.mixins.json:client.HumanoidModelMixin from mod create->@Inject::create$afterSetupAnim(Lnet/minecraft/world/entity/LivingEntity;FFFFFLorg/spongepowered/asm/mixin/injection/callback/CallbackInfo;)V has 0 override(s) in child classes
[10Juni2026 13:22:08.280] [modloading-sync-worker/DEBUG] [mixin/]: create.mixins.json:client.HumanoidModelMixin from mod create->@Inject::create$afterSetupAnim(Lnet/minecraft/world/entity/LivingEntity;FFFFFLorg/spongepowered/asm/mixin/injection/callback/CallbackInfo;)V won't be passed a CallbackInfo as a result
[10Juni2026 13:22:08.280] [modloading-sync-worker/DEBUG] [mixin/]: create.mixins.json:client.HumanoidModelMixin from mod create->@Inject::create$beforeSetupAnim(Lnet/minecraft/world/entity/LivingEntity;FFFFFLorg/spongepowered/asm/mixin/injection/callback/CallbackInfo;)V doesn't use it's CallbackInfo
[10Juni2026 13:22:08.280] [modloading-sync-worker/DEBUG] [mixin/]: create.mixins.json:client.HumanoidModelMixin from mod create->@Inject::create$beforeSetupAnim(Lnet/minecraft/world/entity/LivingEntity;FFFFFLorg/spongepowered/asm/mixin/injection/callback/CallbackInfo;)V has 0 override(s) in child classes
[10Juni2026 13:22:08.280] [modloading-sync-worker/DEBUG] [mixin/]: create.mixins.json:client.HumanoidModelMixin from mod create->@Inject::create$beforeSetupAnim(Lnet/minecraft/world/entity/LivingEntity;FFFFFLorg/spongepowered/asm/mixin/injection/callback/CallbackInfo;)V won't be passed a CallbackInfo as a result
[10Juni2026 13:22:08.280] [modloading-sync-worker/DEBUG] [mixin/]: create.mixins.json:client.HumanoidModelMixin from mod create->@Inject::create$beforeSetupAnim(Lnet/minecraft/world/entity/LivingEntity;FFFFFLorg/spongepowered/asm/mixin/injection/callback/CallbackInfo;)V doesn't use it's CallbackInfo
[10Juni2026 13:22:08.280] [modloading-sync-worker/DEBUG] [mixin/]: create.mixins.json:client.HumanoidModelMixin from mod create->@Inject::create$beforeSetupAnim(Lnet/minecraft/world/entity/LivingEntity;FFFFFLorg/spongepowered/asm/mixin/injection/callback/CallbackInfo;)V has 0 override(s) in child classes
[10Juni2026 13:22:08.280] [modloading-sync-worker/DEBUG] [mixin/]: create.mixins.json:client.HumanoidModelMixin from mod create->@Inject::create$beforeSetupAnim(Lnet/minecraft/world/entity/LivingEntity;FFFFFLorg/spongepowered/asm/mixin/injection/callback/CallbackInfo;)V won't be passed a CallbackInfo as a result
[10Juni2026 13:22:08.284] [modloading-sync-worker/DEBUG] [mixin/]: Mixing accessor.AgeableListModelAccessor from create.mixins.json into net.minecraft.client.model.AgeableListModel
[10Juni2026 13:22:08.305] [modloading-sync-worker/DEBUG] [mixin/]: Mixing accessor.ItemModelGeneratorsAccessor from create.mixins.json into net.minecraft.data.models.ItemModelGenerators
[10Juni2026 13:22:08.306] [modloading-sync-worker/DEBUG] [mixin/]: Renaming @Accessor method create$getGENERATED_TRIM_MODELS()Ljava/util/List; to getGENERATED_TRIM_MODELS$create_$md$3df1c8$0 in create.mixins.json:accessor.ItemModelGeneratorsAccessor from mod create
[10Juni2026 13:22:08.398] [modloading-sync-worker/DEBUG] [mixin/]: Mixing accessor.FontAccessor from create.mixins.json into net.minecraft.client.gui.Font
[10Juni2026 13:22:09.742] [modloading-sync-worker/DEBUG] [net.neoforged.fml.config.ConfigTracker/CONFIG]: Loading configs type CLIENT
[10Juni2026 13:22:09.761] [modloading-sync-worker/DEBUG] [net.neoforged.fml.config.ConfigTracker/CONFIG]: Loaded TOML config file F:\Games\MODS\crafts_construct\run\config\flywheel-client.toml
[10Juni2026 13:22:09.768] [modloading-sync-worker/DEBUG] [net.neoforged.fml.config.ConfigTracker/CONFIG]: Watching TOML config file F:\Games\MODS\crafts_construct\run\config\flywheel-client.toml for changes
[10Juni2026 13:22:09.769] [modloading-sync-worker/DEBUG] [net.neoforged.neoforge.common.NeoForgeConfig/FORGEMOD]: Loaded NeoForge config file neoforge-client.toml
[10Juni2026 13:22:09.770] [modloading-sync-worker/DEBUG] [net.neoforged.fml.config.ConfigTracker/CONFIG]: Loaded TOML config file F:\Games\MODS\crafts_construct\run\config\neoforge-client.toml
[10Juni2026 13:22:09.771] [modloading-sync-worker/DEBUG] [net.neoforged.fml.config.ConfigTracker/CONFIG]: Watching TOML config file F:\Games\MODS\crafts_construct\run\config\neoforge-client.toml for changes
[10Juni2026 13:22:09.772] [modloading-sync-worker/DEBUG] [net.neoforged.fml.config.ConfigTracker/CONFIG]: Loaded TOML config file F:\Games\MODS\crafts_construct\run\config\ponder-client.toml
[10Juni2026 13:22:09.774] [modloading-sync-worker/DEBUG] [net.neoforged.fml.config.ConfigTracker/CONFIG]: Watching TOML config file F:\Games\MODS\crafts_construct\run\config\ponder-client.toml for changes
[10Juni2026 13:22:09.788] [modloading-sync-worker/DEBUG] [net.neoforged.fml.config.ConfigTracker/CONFIG]: Loaded TOML config file F:\Games\MODS\crafts_construct\run\config\create-client.toml
[10Juni2026 13:22:09.791] [modloading-sync-worker/DEBUG] [net.neoforged.fml.config.ConfigTracker/CONFIG]: Watching TOML config file F:\Games\MODS\crafts_construct\run\config\create-client.toml for changes
[10Juni2026 13:22:09.791] [modloading-sync-worker/DEBUG] [net.neoforged.fml.config.ConfigTracker/CONFIG]: Loading configs type COMMON
[10Juni2026 13:22:09.798] [modloading-sync-worker/DEBUG] [net.neoforged.neoforge.common.NeoForgeConfig/FORGEMOD]: Loaded NeoForge config file neoforge-common.toml
[10Juni2026 13:22:09.798] [modloading-sync-worker/DEBUG] [net.neoforged.fml.config.ConfigTracker/CONFIG]: Loaded TOML config file F:\Games\MODS\crafts_construct\run\config\neoforge-common.toml
[10Juni2026 13:22:09.800] [modloading-sync-worker/DEBUG] [net.neoforged.fml.config.ConfigTracker/CONFIG]: Watching TOML config file F:\Games\MODS\crafts_construct\run\config\neoforge-common.toml for changes
[10Juni2026 13:22:09.802] [modloading-sync-worker/DEBUG] [net.neoforged.fml.config.ConfigTracker/CONFIG]: Loaded TOML config file F:\Games\MODS\crafts_construct\run\config\crafts_construct-common.toml
[10Juni2026 13:22:09.803] [modloading-sync-worker/DEBUG] [net.neoforged.fml.config.ConfigTracker/CONFIG]: Watching TOML config file F:\Games\MODS\crafts_construct\run\config\crafts_construct-common.toml for changes
[10Juni2026 13:22:09.804] [modloading-sync-worker/DEBUG] [net.neoforged.fml.config.ConfigTracker/CONFIG]: Loaded TOML config file F:\Games\MODS\crafts_construct\run\config\create-common.toml
[10Juni2026 13:22:09.805] [modloading-sync-worker/DEBUG] [net.neoforged.fml.config.ConfigTracker/CONFIG]: Watching TOML config file F:\Games\MODS\crafts_construct\run\config\create-common.toml for changes
[10Juni2026 13:22:10.305] [Render thread/DEBUG] [mixin/]: Mixing accessor.EntityRenderDispatcherAccessor from create.mixins.json into net.minecraft.client.renderer.entity.EntityRenderDispatcher
[10Juni2026 13:22:10.385] [Render thread/DEBUG] [mixin/]: Mixing client.accessor.ParticleEngineAccessor from ponder.mixins.json into net.minecraft.client.particle.ParticleEngine
[10Juni2026 13:22:10.385] [Render thread/DEBUG] [mixin/]: ponder.mixins.json:client.accessor.ParticleEngineAccessor from mod ponder: Class version 65 required is higher than the class version supported by the current version of Mixin (JAVA_17 supports class version 61)
[10Juni2026 13:22:10.545] [Render thread/DEBUG] [mixin/]: Mixing client.CameraMixin from create.mixins.json into net.minecraft.client.Camera
[10Juni2026 13:22:10.567] [Render thread/DEBUG] [mixin/]: Mixing client.accessor.BufferBuilderAccessor from ponder.mixins.json into com.mojang.blaze3d.vertex.BufferBuilder
[10Juni2026 13:22:10.567] [Render thread/DEBUG] [mixin/]: ponder.mixins.json:client.accessor.BufferBuilderAccessor from mod ponder: Class version 65 required is higher than the class version supported by the current version of Mixin (JAVA_17 supports class version 61)
[10Juni2026 13:22:10.609] [Render thread/DEBUG] [mixin/]: Mixing accessor.GuiAccessor from create.mixins.json into net.minecraft.client.gui.Gui
[10Juni2026 13:22:10.742] [Render thread/INFO] [net.neoforged.neoforge.gametest.GameTestHooks/]: Enabled Gametest Namespaces: [crafts_construct]
[10Juni2026 13:22:10.759] [Render thread/DEBUG] [mixin/]: Mixing accessor.GameTestHelperAccessor from create.mixins.json into net.minecraft.gametest.framework.GameTestHelper
[10Juni2026 13:22:10.863] [Render thread/DEBUG] [mixin/]: Mixing client.PlayerRendererMixin from create.mixins.json into net.minecraft.client.renderer.entity.player.PlayerRenderer
[10Juni2026 13:22:10.870] [Render thread/DEBUG] [mixin/]: create.mixins.json:client.PlayerRendererMixin from mod create->@Inject::create$onGetArmPose(Lnet/minecraft/client/player/AbstractClientPlayer;Lnet/minecraft/world/InteractionHand;Lorg/spongepowered/asm/mixin/injection/callback/CallbackInfoReturnable;)V does use it's CallbackInfoReturnable
[10Juni2026 13:22:10.896] [Render thread/DEBUG] [mixin/]: Mixing accessor.HumanoidArmorLayerAccessor from create.mixins.json into net.minecraft.client.renderer.entity.layers.HumanoidArmorLayer
[10Juni2026 13:22:10.897] [Render thread/DEBUG] [mixin/]: Renaming @Accessor method create$getArmorLocationCache()Ljava/util/Map; to getArmorLocationCache$create_$md$3df1c8$0 in create.mixins.json:accessor.HumanoidArmorLayerAccessor from mod create
[10Juni2026 13:22:10.897] [Render thread/DEBUG] [mixin/]: Mixing client.HumanoidArmorLayerMixin from create.mixins.json into net.minecraft.client.renderer.entity.layers.HumanoidArmorLayer
[10Juni2026 13:22:10.901] [Render thread/DEBUG] [mixin/]: create.mixins.json:client.HumanoidArmorLayerMixin from mod create->@Inject::create$onRenderArmorPiece(Lcom/mojang/blaze3d/vertex/PoseStack;Lnet/minecraft/client/renderer/MultiBufferSource;Lnet/minecraft/world/entity/LivingEntity;Lnet/minecraft/world/entity/EquipmentSlot;ILnet/minecraft/client/model/HumanoidModel;FFFFFFLorg/spongepowered/asm/mixin/injection/callback/CallbackInfo;)V does use it's CallbackInfo
[10Juni2026 13:22:11.122] [Render thread/DEBUG] [mixin/]: Mixing ModelPartAccessor from flywheel.impl.mixins.json into net.minecraft.client.model.geom.ModelPart
[10Juni2026 13:22:11.287] [Render thread/INFO] [net.minecraft.server.packs.resources.ReloadableResourceManager/]: Reloading ResourceManager: vanilla, mod_resources, mod/flywheel, mod/ponder, mod/create, mod/neoforge, mod/crafts_construct, mod/jei
[10Juni2026 13:22:11.319] [Worker-Main-1/DEBUG] [mixin/]: Mixing accessor.FluidInteractionRegistryAccessor from create.mixins.json into net.neoforged.neoforge.fluids.FluidInteractionRegistry
[10Juni2026 13:22:11.320] [Worker-Main-1/DEBUG] [mixin/]: Renaming @Accessor method getInteractions()Ljava/util/Map; to getInteractions$create_$md$3df1c8$0 in create.mixins.json:accessor.FluidInteractionRegistryAccessor from mod create
[10Juni2026 13:22:11.414] [Render thread/DEBUG] [net.neoforged.fml.DeferredWorkQueue/LOADING]: Dispatching synchronous work for work queue Common setup: 3 jobs
[10Juni2026 13:22:11.461] [Render thread/DEBUG] [net.neoforged.fml.DeferredWorkQueue/LOADING]: Synchronous work queue completed in 47.08 ms
[10Juni2026 13:22:12.189] [Render thread/DEBUG] [Ponder/]: Loaded net.createmod.catnip.platform.NeoForgeClientHooksHelper@28d728f1 for service interface net.createmod.catnip.platform.services.ModClientHooksHelper
[10Juni2026 13:22:12.803] [Worker-Main-6/INFO] [net.minecraft.client.gui.font.providers.UnihexProvider/]: Found unifont_all_no_pua-15.1.05.hex, loading
[10Juni2026 13:22:12.846] [Worker-Main-7/INFO] [net.minecraft.client.gui.font.providers.UnihexProvider/]: Found unifont_jp_patch-15.1.05.hex, loading
[10Juni2026 13:22:13.885] [Worker-Main-2/WARN] [net.minecraft.client.resources.model.BlockStateModelLoader/]: Exception loading blockstate definition: 'create:blockstates/item_drain.json' in resourcepack: 'mod/crafts_construct' for variant: 'material=brass': Unknown blockstate property: 'material'
[10Juni2026 13:22:13.886] [Worker-Main-2/WARN] [net.minecraft.client.resources.model.BlockStateModelLoader/]: Exception loading blockstate definition: 'create:blockstates/item_drain.json' in resourcepack: 'mod/crafts_construct' for variant: 'material=copper': Unknown blockstate property: 'material'
[10Juni2026 13:22:14.424] [Worker-Main-2/WARN] [net.minecraft.client.resources.model.BlockStateModelLoader/]: Exception loading blockstate definition: 'crafts_construct:blockstates/green_jelly.json' missing model for variant: 'crafts_construct:green_jelly#level=3'
[10Juni2026 13:22:14.425] [Worker-Main-2/WARN] [net.minecraft.client.resources.model.BlockStateModelLoader/]: Exception loading blockstate definition: 'crafts_construct:blockstates/green_jelly.json' missing model for variant: 'crafts_construct:green_jelly#level=2'
[10Juni2026 13:22:14.425] [Worker-Main-2/WARN] [net.minecraft.client.resources.model.BlockStateModelLoader/]: Exception loading blockstate definition: 'crafts_construct:blockstates/green_jelly.json' missing model for variant: 'crafts_construct:green_jelly#level=1'
[10Juni2026 13:22:14.426] [Worker-Main-2/WARN] [net.minecraft.client.resources.model.BlockStateModelLoader/]: Exception loading blockstate definition: 'crafts_construct:blockstates/green_jelly.json' missing model for variant: 'crafts_construct:green_jelly#level=0'
[10Juni2026 13:22:14.426] [Worker-Main-2/WARN] [net.minecraft.client.resources.model.BlockStateModelLoader/]: Exception loading blockstate definition: 'crafts_construct:blockstates/green_jelly.json' missing model for variant: 'crafts_construct:green_jelly#level=7'
[10Juni2026 13:22:14.426] [Worker-Main-2/WARN] [net.minecraft.client.resources.model.BlockStateModelLoader/]: Exception loading blockstate definition: 'crafts_construct:blockstates/green_jelly.json' missing model for variant: 'crafts_construct:green_jelly#level=6'
[10Juni2026 13:22:14.427] [Worker-Main-2/WARN] [net.minecraft.client.resources.model.BlockStateModelLoader/]: Exception loading blockstate definition: 'crafts_construct:blockstates/green_jelly.json' missing model for variant: 'crafts_construct:green_jelly#level=5'
[10Juni2026 13:22:14.427] [Worker-Main-2/WARN] [net.minecraft.client.resources.model.BlockStateModelLoader/]: Exception loading blockstate definition: 'crafts_construct:blockstates/green_jelly.json' missing model for variant: 'crafts_construct:green_jelly#level=4'
[10Juni2026 13:22:14.427] [Worker-Main-2/WARN] [net.minecraft.client.resources.model.BlockStateModelLoader/]: Exception loading blockstate definition: 'crafts_construct:blockstates/green_jelly.json' missing model for variant: 'crafts_construct:green_jelly#level=13'
[10Juni2026 13:22:14.427] [Worker-Main-2/WARN] [net.minecraft.client.resources.model.BlockStateModelLoader/]: Exception loading blockstate definition: 'crafts_construct:blockstates/green_jelly.json' missing model for variant: 'crafts_construct:green_jelly#level=14'
[10Juni2026 13:22:14.427] [Worker-Main-2/WARN] [net.minecraft.client.resources.model.BlockStateModelLoader/]: Exception loading blockstate definition: 'crafts_construct:blockstates/green_jelly.json' missing model for variant: 'crafts_construct:green_jelly#level=9'
[10Juni2026 13:22:14.428] [Worker-Main-2/WARN] [net.minecraft.client.resources.model.BlockStateModelLoader/]: Exception loading blockstate definition: 'crafts_construct:blockstates/green_jelly.json' missing model for variant: 'crafts_construct:green_jelly#level=15'
[10Juni2026 13:22:14.428] [Worker-Main-2/WARN] [net.minecraft.client.resources.model.BlockStateModelLoader/]: Exception loading blockstate definition: 'crafts_construct:blockstates/green_jelly.json' missing model for variant: 'crafts_construct:green_jelly#level=8'
[10Juni2026 13:22:14.428] [Worker-Main-2/WARN] [net.minecraft.client.resources.model.BlockStateModelLoader/]: Exception loading blockstate definition: 'crafts_construct:blockstates/green_jelly.json' missing model for variant: 'crafts_construct:green_jelly#level=10'
[10Juni2026 13:22:14.428] [Worker-Main-2/WARN] [net.minecraft.client.resources.model.BlockStateModelLoader/]: Exception loading blockstate definition: 'crafts_construct:blockstates/green_jelly.json' missing model for variant: 'crafts_construct:green_jelly#level=11'
[10Juni2026 13:22:14.428] [Worker-Main-2/WARN] [net.minecraft.client.resources.model.BlockStateModelLoader/]: Exception loading blockstate definition: 'crafts_construct:blockstates/green_jelly.json' missing model for variant: 'crafts_construct:green_jelly#level=12'
[10Juni2026 13:22:14.428] [Worker-Main-2/WARN] [net.minecraft.client.resources.model.BlockStateModelLoader/]: Exception loading blockstate definition: 'crafts_construct:blockstates/yellow_jelly.json' missing model for variant: 'crafts_construct:yellow_jelly#level=13'
[10Juni2026 13:22:14.428] [Worker-Main-2/WARN] [net.minecraft.client.resources.model.BlockStateModelLoader/]: Exception loading blockstate definition: 'crafts_construct:blockstates/yellow_jelly.json' missing model for variant: 'crafts_construct:yellow_jelly#level=12'
[10Juni2026 13:22:14.428] [Worker-Main-2/WARN] [net.minecraft.client.resources.model.BlockStateModelLoader/]: Exception loading blockstate definition: 'crafts_construct:blockstates/yellow_jelly.json' missing model for variant: 'crafts_construct:yellow_jelly#level=11'
[10Juni2026 13:22:14.428] [Worker-Main-2/WARN] [net.minecraft.client.resources.model.BlockStateModelLoader/]: Exception loading blockstate definition: 'crafts_construct:blockstates/yellow_jelly.json' missing model for variant: 'crafts_construct:yellow_jelly#level=10'
[10Juni2026 13:22:14.430] [Worker-Main-2/WARN] [net.minecraft.client.resources.model.BlockStateModelLoader/]: Exception loading blockstate definition: 'crafts_construct:blockstates/yellow_jelly.json' missing model for variant: 'crafts_construct:yellow_jelly#level=0'
[10Juni2026 13:22:14.430] [Worker-Main-2/WARN] [net.minecraft.client.resources.model.BlockStateModelLoader/]: Exception loading blockstate definition: 'crafts_construct:blockstates/yellow_jelly.json' missing model for variant: 'crafts_construct:yellow_jelly#level=15'
[10Juni2026 13:22:14.430] [Worker-Main-2/WARN] [net.minecraft.client.resources.model.BlockStateModelLoader/]: Exception loading blockstate definition: 'crafts_construct:blockstates/yellow_jelly.json' missing model for variant: 'crafts_construct:yellow_jelly#level=14'
[10Juni2026 13:22:14.430] [Worker-Main-2/WARN] [net.minecraft.client.resources.model.BlockStateModelLoader/]: Exception loading blockstate definition: 'crafts_construct:blockstates/yellow_jelly.json' missing model for variant: 'crafts_construct:yellow_jelly#level=9'
[10Juni2026 13:22:14.430] [Worker-Main-2/WARN] [net.minecraft.client.resources.model.BlockStateModelLoader/]: Exception loading blockstate definition: 'crafts_construct:blockstates/yellow_jelly.json' missing model for variant: 'crafts_construct:yellow_jelly#level=4'
[10Juni2026 13:22:14.430] [Worker-Main-2/WARN] [net.minecraft.client.resources.model.BlockStateModelLoader/]: Exception loading blockstate definition: 'crafts_construct:blockstates/yellow_jelly.json' missing model for variant: 'crafts_construct:yellow_jelly#level=3'
[10Juni2026 13:22:14.430] [Worker-Main-2/WARN] [net.minecraft.client.resources.model.BlockStateModelLoader/]: Exception loading blockstate definition: 'crafts_construct:blockstates/yellow_jelly.json' missing model for variant: 'crafts_construct:yellow_jelly#level=2'
[10Juni2026 13:22:14.431] [Worker-Main-2/WARN] [net.minecraft.client.resources.model.BlockStateModelLoader/]: Exception loading blockstate definition: 'crafts_construct:blockstates/yellow_jelly.json' missing model for variant: 'crafts_construct:yellow_jelly#level=1'
[10Juni2026 13:22:14.431] [Worker-Main-2/WARN] [net.minecraft.client.resources.model.BlockStateModelLoader/]: Exception loading blockstate definition: 'crafts_construct:blockstates/yellow_jelly.json' missing model for variant: 'crafts_construct:yellow_jelly#level=8'
[10Juni2026 13:22:14.431] [Worker-Main-2/WARN] [net.minecraft.client.resources.model.BlockStateModelLoader/]: Exception loading blockstate definition: 'crafts_construct:blockstates/yellow_jelly.json' missing model for variant: 'crafts_construct:yellow_jelly#level=7'
[10Juni2026 13:22:14.431] [Worker-Main-2/WARN] [net.minecraft.client.resources.model.BlockStateModelLoader/]: Exception loading blockstate definition: 'crafts_construct:blockstates/yellow_jelly.json' missing model for variant: 'crafts_construct:yellow_jelly#level=6'
[10Juni2026 13:22:14.431] [Worker-Main-2/WARN] [net.minecraft.client.resources.model.BlockStateModelLoader/]: Exception loading blockstate definition: 'crafts_construct:blockstates/yellow_jelly.json' missing model for variant: 'crafts_construct:yellow_jelly#level=5'
[10Juni2026 13:22:14.432] [Worker-Main-2/WARN] [net.minecraft.client.resources.model.BlockStateModelLoader/]: Exception loading blockstate definition: 'crafts_construct:blockstates/red_jelly.json' missing model for variant: 'crafts_construct:red_jelly#level=15'
[10Juni2026 13:22:14.432] [Worker-Main-2/WARN] [net.minecraft.client.resources.model.BlockStateModelLoader/]: Exception loading blockstate definition: 'crafts_construct:blockstates/red_jelly.json' missing model for variant: 'crafts_construct:red_jelly#level=1'
[10Juni2026 13:22:14.432] [Worker-Main-2/WARN] [net.minecraft.client.resources.model.BlockStateModelLoader/]: Exception loading blockstate definition: 'crafts_construct:blockstates/red_jelly.json' missing model for variant: 'crafts_construct:red_jelly#level=0'
[10Juni2026 13:22:14.432] [Worker-Main-2/WARN] [net.minecraft.client.resources.model.BlockStateModelLoader/]: Exception loading blockstate definition: 'crafts_construct:blockstates/red_jelly.json' missing model for variant: 'crafts_construct:red_jelly#level=3'
[10Juni2026 13:22:14.432] [Worker-Main-2/WARN] [net.minecraft.client.resources.model.BlockStateModelLoader/]: Exception loading blockstate definition: 'crafts_construct:blockstates/red_jelly.json' missing model for variant: 'crafts_construct:red_jelly#level=2'
[10Juni2026 13:22:14.432] [Worker-Main-2/WARN] [net.minecraft.client.resources.model.BlockStateModelLoader/]: Exception loading blockstate definition: 'crafts_construct:blockstates/red_jelly.json' missing model for variant: 'crafts_construct:red_jelly#level=5'
[10Juni2026 13:22:14.432] [Worker-Main-2/WARN] [net.minecraft.client.resources.model.BlockStateModelLoader/]: Exception loading blockstate definition: 'crafts_construct:blockstates/red_jelly.json' missing model for variant: 'crafts_construct:red_jelly#level=4'
[10Juni2026 13:22:14.432] [Worker-Main-2/WARN] [net.minecraft.client.resources.model.BlockStateModelLoader/]: Exception loading blockstate definition: 'crafts_construct:blockstates/red_jelly.json' missing model for variant: 'crafts_construct:red_jelly#level=7'
[10Juni2026 13:22:14.433] [Worker-Main-2/WARN] [net.minecraft.client.resources.model.BlockStateModelLoader/]: Exception loading blockstate definition: 'crafts_construct:blockstates/red_jelly.json' missing model for variant: 'crafts_construct:red_jelly#level=6'
[10Juni2026 13:22:14.433] [Worker-Main-2/WARN] [net.minecraft.client.resources.model.BlockStateModelLoader/]: Exception loading blockstate definition: 'crafts_construct:blockstates/red_jelly.json' missing model for variant: 'crafts_construct:red_jelly#level=9'
[10Juni2026 13:22:14.433] [Worker-Main-2/WARN] [net.minecraft.client.resources.model.BlockStateModelLoader/]: Exception loading blockstate definition: 'crafts_construct:blockstates/red_jelly.json' missing model for variant: 'crafts_construct:red_jelly#level=10'
[10Juni2026 13:22:14.433] [Worker-Main-2/WARN] [net.minecraft.client.resources.model.BlockStateModelLoader/]: Exception loading blockstate definition: 'crafts_construct:blockstates/red_jelly.json' missing model for variant: 'crafts_construct:red_jelly#level=8'
[10Juni2026 13:22:14.433] [Worker-Main-2/WARN] [net.minecraft.client.resources.model.BlockStateModelLoader/]: Exception loading blockstate definition: 'crafts_construct:blockstates/red_jelly.json' missing model for variant: 'crafts_construct:red_jelly#level=12'
[10Juni2026 13:22:14.433] [Worker-Main-2/WARN] [net.minecraft.client.resources.model.BlockStateModelLoader/]: Exception loading blockstate definition: 'crafts_construct:blockstates/red_jelly.json' missing model for variant: 'crafts_construct:red_jelly#level=11'
[10Juni2026 13:22:14.433] [Worker-Main-2/WARN] [net.minecraft.client.resources.model.BlockStateModelLoader/]: Exception loading blockstate definition: 'crafts_construct:blockstates/red_jelly.json' missing model for variant: 'crafts_construct:red_jelly#level=14'
[10Juni2026 13:22:14.433] [Worker-Main-2/WARN] [net.minecraft.client.resources.model.BlockStateModelLoader/]: Exception loading blockstate definition: 'crafts_construct:blockstates/red_jelly.json' missing model for variant: 'crafts_construct:red_jelly#level=13'
[10Juni2026 13:22:14.433] [Worker-Main-2/WARN] [net.minecraft.client.resources.model.BlockStateModelLoader/]: Exception loading blockstate definition: 'crafts_construct:blockstates/pink_jelly.json' missing model for variant: 'crafts_construct:pink_jelly#level=15'
[10Juni2026 13:22:14.433] [Worker-Main-2/WARN] [net.minecraft.client.resources.model.BlockStateModelLoader/]: Exception loading blockstate definition: 'crafts_construct:blockstates/pink_jelly.json' missing model for variant: 'crafts_construct:pink_jelly#level=14'
[10Juni2026 13:22:14.433] [Worker-Main-2/WARN] [net.minecraft.client.resources.model.BlockStateModelLoader/]: Exception loading blockstate definition: 'crafts_construct:blockstates/pink_jelly.json' missing model for variant: 'crafts_construct:pink_jelly#level=13'
[10Juni2026 13:22:14.433] [Worker-Main-2/WARN] [net.minecraft.client.resources.model.BlockStateModelLoader/]: Exception loading blockstate definition: 'crafts_construct:blockstates/pink_jelly.json' missing model for variant: 'crafts_construct:pink_jelly#level=12'
[10Juni2026 13:22:14.435] [Worker-Main-2/WARN] [net.minecraft.client.resources.model.BlockStateModelLoader/]: Exception loading blockstate definition: 'crafts_construct:blockstates/pink_jelly.json' missing model for variant: 'crafts_construct:pink_jelly#level=1'
[10Juni2026 13:22:14.435] [Worker-Main-2/WARN] [net.minecraft.client.resources.model.BlockStateModelLoader/]: Exception loading blockstate definition: 'crafts_construct:blockstates/pink_jelly.json' missing model for variant: 'crafts_construct:pink_jelly#level=2'
[10Juni2026 13:22:14.435] [Worker-Main-2/WARN] [net.minecraft.client.resources.model.BlockStateModelLoader/]: Exception loading blockstate definition: 'crafts_construct:blockstates/pink_jelly.json' missing model for variant: 'crafts_construct:pink_jelly#level=0'
[10Juni2026 13:22:14.435] [Worker-Main-2/WARN] [net.minecraft.client.resources.model.BlockStateModelLoader/]: Exception loading blockstate definition: 'crafts_construct:blockstates/pink_jelly.json' missing model for variant: 'crafts_construct:pink_jelly#level=5'
[10Juni2026 13:22:14.435] [Worker-Main-2/WARN] [net.minecraft.client.resources.model.BlockStateModelLoader/]: Exception loading blockstate definition: 'crafts_construct:blockstates/pink_jelly.json' missing model for variant: 'crafts_construct:pink_jelly#level=6'
[10Juni2026 13:22:14.435] [Worker-Main-2/WARN] [net.minecraft.client.resources.model.BlockStateModelLoader/]: Exception loading blockstate definition: 'crafts_construct:blockstates/pink_jelly.json' missing model for variant: 'crafts_construct:pink_jelly#level=3'
[10Juni2026 13:22:14.435] [Worker-Main-2/WARN] [net.minecraft.client.resources.model.BlockStateModelLoader/]: Exception loading blockstate definition: 'crafts_construct:blockstates/pink_jelly.json' missing model for variant: 'crafts_construct:pink_jelly#level=4'
[10Juni2026 13:22:14.436] [Worker-Main-2/WARN] [net.minecraft.client.resources.model.BlockStateModelLoader/]: Exception loading blockstate definition: 'crafts_construct:blockstates/pink_jelly.json' missing model for variant: 'crafts_construct:pink_jelly#level=9'
[10Juni2026 13:22:14.436] [Worker-Main-2/WARN] [net.minecraft.client.resources.model.BlockStateModelLoader/]: Exception loading blockstate definition: 'crafts_construct:blockstates/pink_jelly.json' missing model for variant: 'crafts_construct:pink_jelly#level=11'
[10Juni2026 13:22:14.436] [Worker-Main-2/WARN] [net.minecraft.client.resources.model.BlockStateModelLoader/]: Exception loading blockstate definition: 'crafts_construct:blockstates/pink_jelly.json' missing model for variant: 'crafts_construct:pink_jelly#level=10'
[10Juni2026 13:22:14.436] [Worker-Main-2/WARN] [net.minecraft.client.resources.model.BlockStateModelLoader/]: Exception loading blockstate definition: 'crafts_construct:blockstates/pink_jelly.json' missing model for variant: 'crafts_construct:pink_jelly#level=7'
[10Juni2026 13:22:14.436] [Worker-Main-2/WARN] [net.minecraft.client.resources.model.BlockStateModelLoader/]: Exception loading blockstate definition: 'crafts_construct:blockstates/pink_jelly.json' missing model for variant: 'crafts_construct:pink_jelly#level=8'
[10Juni2026 13:22:14.436] [Worker-Main-2/WARN] [net.minecraft.client.resources.model.BlockStateModelLoader/]: Exception loading blockstate definition: 'crafts_construct:blockstates/blue_jelly.json' missing model for variant: 'crafts_construct:blue_jelly#level=13'
[10Juni2026 13:22:14.436] [Worker-Main-2/WARN] [net.minecraft.client.resources.model.BlockStateModelLoader/]: Exception loading blockstate definition: 'crafts_construct:blockstates/blue_jelly.json' missing model for variant: 'crafts_construct:blue_jelly#level=12'
[10Juni2026 13:22:14.437] [Worker-Main-2/WARN] [net.minecraft.client.resources.model.BlockStateModelLoader/]: Exception loading blockstate definition: 'crafts_construct:blockstates/blue_jelly.json' missing model for variant: 'crafts_construct:blue_jelly#level=15'
[10Juni2026 13:22:14.437] [Worker-Main-2/WARN] [net.minecraft.client.resources.model.BlockStateModelLoader/]: Exception loading blockstate definition: 'crafts_construct:blockstates/blue_jelly.json' missing model for variant: 'crafts_construct:blue_jelly#level=14'
[10Juni2026 13:22:14.437] [Worker-Main-2/WARN] [net.minecraft.client.resources.model.BlockStateModelLoader/]: Exception loading blockstate definition: 'crafts_construct:blockstates/blue_jelly.json' missing model for variant: 'crafts_construct:blue_jelly#level=8'
[10Juni2026 13:22:14.437] [Worker-Main-2/WARN] [net.minecraft.client.resources.model.BlockStateModelLoader/]: Exception loading blockstate definition: 'crafts_construct:blockstates/blue_jelly.json' missing model for variant: 'crafts_construct:blue_jelly#level=7'
[10Juni2026 13:22:14.437] [Worker-Main-2/WARN] [net.minecraft.client.resources.model.BlockStateModelLoader/]: Exception loading blockstate definition: 'crafts_construct:blockstates/blue_jelly.json' missing model for variant: 'crafts_construct:blue_jelly#level=11'
[10Juni2026 13:22:14.437] [Worker-Main-2/WARN] [net.minecraft.client.resources.model.BlockStateModelLoader/]: Exception loading blockstate definition: 'crafts_construct:blockstates/blue_jelly.json' missing model for variant: 'crafts_construct:blue_jelly#level=9'
[10Juni2026 13:22:14.437] [Worker-Main-2/WARN] [net.minecraft.client.resources.model.BlockStateModelLoader/]: Exception loading blockstate definition: 'crafts_construct:blockstates/blue_jelly.json' missing model for variant: 'crafts_construct:blue_jelly#level=10'
[10Juni2026 13:22:14.437] [Worker-Main-2/WARN] [net.minecraft.client.resources.model.BlockStateModelLoader/]: Exception loading blockstate definition: 'crafts_construct:blockstates/blue_jelly.json' missing model for variant: 'crafts_construct:blue_jelly#level=4'
[10Juni2026 13:22:14.437] [Worker-Main-2/WARN] [net.minecraft.client.resources.model.BlockStateModelLoader/]: Exception loading blockstate definition: 'crafts_construct:blockstates/blue_jelly.json' missing model for variant: 'crafts_construct:blue_jelly#level=3'
[10Juni2026 13:22:14.437] [Worker-Main-2/WARN] [net.minecraft.client.resources.model.BlockStateModelLoader/]: Exception loading blockstate definition: 'crafts_construct:blockstates/blue_jelly.json' missing model for variant: 'crafts_construct:blue_jelly#level=6'
[10Juni2026 13:22:14.437] [Worker-Main-2/WARN] [net.minecraft.client.resources.model.BlockStateModelLoader/]: Exception loading blockstate definition: 'crafts_construct:blockstates/blue_jelly.json' missing model for variant: 'crafts_construct:blue_jelly#level=5'
[10Juni2026 13:22:14.437] [Worker-Main-2/WARN] [net.minecraft.client.resources.model.BlockStateModelLoader/]: Exception loading blockstate definition: 'crafts_construct:blockstates/blue_jelly.json' missing model for variant: 'crafts_construct:blue_jelly#level=0'
[10Juni2026 13:22:14.438] [Worker-Main-2/WARN] [net.minecraft.client.resources.model.BlockStateModelLoader/]: Exception loading blockstate definition: 'crafts_construct:blockstates/blue_jelly.json' missing model for variant: 'crafts_construct:blue_jelly#level=2'
[10Juni2026 13:22:14.438] [Worker-Main-2/WARN] [net.minecraft.client.resources.model.BlockStateModelLoader/]: Exception loading blockstate definition: 'crafts_construct:blockstates/blue_jelly.json' missing model for variant: 'crafts_construct:blue_jelly#level=1'
[10Juni2026 13:22:16.819] [Worker-Main-3/INFO] [PonderIndex/]: Registering Ponder Scenes took 225.8 ms
[10Juni2026 13:22:16.832] [Worker-Main-3/INFO] [PonderIndex/]: Registering Ponder Tags took 11.98 ms
[10Juni2026 13:22:16.842] [Render thread/DEBUG] [net.neoforged.fml.DeferredWorkQueue/LOADING]: Dispatching synchronous work for work queue Complete loading of 7 mods: 1 jobs
[10Juni2026 13:22:16.874] [Render thread/DEBUG] [net.neoforged.fml.DeferredWorkQueue/LOADING]: Synchronous work queue completed in 31.53 ms
[10Juni2026 13:22:17.159] [Render thread/WARN] [net.minecraft.client.sounds.SoundEngine/]: Missing sound for event: minecraft:item.goat_horn.play
[10Juni2026 13:22:17.159] [Render thread/WARN] [net.minecraft.client.sounds.SoundEngine/]: Missing sound for event: minecraft:entity.goat.screaming.horn_break
[10Juni2026 13:22:17.353] [Render thread/INFO] [com.mojang.blaze3d.audio.Library/]: OpenAL initialized on device OpenAL Soft on Realtek HD Audio 2nd output (Realtek(R) Audio)
[10Juni2026 13:22:17.354] [Render thread/INFO] [net.minecraft.client.sounds.SoundEngine/SOUNDS]: Sound engine started
[10Juni2026 13:22:17.649] [Render thread/INFO] [net.minecraft.client.renderer.texture.TextureAtlas/]: Created: 2048x1024x4 minecraft:textures/atlas/blocks.png-atlas
[10Juni2026 13:22:17.975] [Render thread/INFO] [net.minecraft.client.renderer.texture.TextureAtlas/]: Created: 256x256x4 minecraft:textures/atlas/signs.png-atlas
[10Juni2026 13:22:17.979] [Render thread/INFO] [net.minecraft.client.renderer.texture.TextureAtlas/]: Created: 512x512x4 minecraft:textures/atlas/shield_patterns.png-atlas
[10Juni2026 13:22:17.987] [Render thread/INFO] [net.minecraft.client.renderer.texture.TextureAtlas/]: Created: 512x512x4 minecraft:textures/atlas/banner_patterns.png-atlas
[10Juni2026 13:22:17.993] [Render thread/INFO] [net.minecraft.client.renderer.texture.TextureAtlas/]: Created: 2048x1024x4 minecraft:textures/atlas/armor_trims.png-atlas
[10Juni2026 13:22:18.108] [Render thread/INFO] [net.minecraft.client.renderer.texture.TextureAtlas/]: Created: 256x256x4 minecraft:textures/atlas/chest.png-atlas
[10Juni2026 13:22:18.110] [Render thread/INFO] [net.minecraft.client.renderer.texture.TextureAtlas/]: Created: 128x64x4 minecraft:textures/atlas/decorated_pot.png-atlas
[10Juni2026 13:22:18.113] [Render thread/INFO] [net.minecraft.client.renderer.texture.TextureAtlas/]: Created: 512x256x4 minecraft:textures/atlas/shulker_boxes.png-atlas
[10Juni2026 13:22:18.116] [Render thread/INFO] [net.minecraft.client.renderer.texture.TextureAtlas/]: Created: 512x256x4 minecraft:textures/atlas/beds.png-atlas
[10Juni2026 13:22:18.233] [Render thread/INFO] [net.minecraft.client.renderer.texture.TextureAtlas/]: Created: 512x256x0 minecraft:textures/atlas/particles.png-atlas
[10Juni2026 13:22:18.243] [Render thread/INFO] [net.minecraft.client.renderer.texture.TextureAtlas/]: Created: 512x256x0 minecraft:textures/atlas/paintings.png-atlas
[10Juni2026 13:22:18.245] [Render thread/INFO] [net.minecraft.client.renderer.texture.TextureAtlas/]: Created: 256x128x0 minecraft:textures/atlas/mob_effects.png-atlas
[10Juni2026 13:22:18.248] [Render thread/INFO] [net.minecraft.client.renderer.texture.TextureAtlas/]: Created: 64x64x0 minecraft:textures/atlas/map_decorations.png-atlas
[10Juni2026 13:22:18.249] [Render thread/INFO] [net.minecraft.client.renderer.texture.TextureAtlas/]: Created: 1024x512x0 minecraft:textures/atlas/gui.png-atlas
[10Juni2026 13:22:18.310] [Render thread/WARN] [net.minecraft.client.renderer.ShaderInstance/]: Shader rendertype_entity_translucent_emissive could not find sampler named Sampler2 in the specified shader program.
[10Juni2026 13:22:18.456] [Render thread/INFO] [flywheel/backend/shaders/]: Loaded 77 shader sources in 40,481 ms
[10Juni2026 13:22:18.504] [Render thread/INFO] [com.simibubi.create.Create/]: Loaded 51 train hat configurations.
[10Juni2026 13:22:18.507] [Render thread/INFO] [net.neoforged.neoforge.client.entity.animation.json.AnimationLoader/]: Loaded 0 entity animations
[10Juni2026 13:22:18.507] [Render thread/INFO] [net.minecraft.client.renderer.texture.TextureAtlas/]: Created: 256x256x0 jei:textures/atlas/gui.png-atlas
[10Juni2026 13:22:24.128] [Render thread/INFO] [com.simibubi.create.Create/]: Created 141 recipes which will be injected into the game
[10Juni2026 13:22:24.136] [Render thread/INFO] [com.simibubi.create.Create/]: Created 0 tags which will be injected into the game
[10Juni2026 13:22:26.256] [Render thread/INFO] [net.minecraft.world.item.crafting.RecipeManager/]: Loaded 2792 recipes
[10Juni2026 13:22:26.690] [Render thread/INFO] [net.minecraft.advancements.AdvancementTree/]: Loaded 2475 advancements
[10Juni2026 13:22:28.722] [Render thread/INFO] [mezz.jei.neoforge.startup.StartEventObserver/]: JEI StartEventObserver received class net.neoforged.neoforge.event.TagsUpdatedEvent too early, ignoring
[10Juni2026 13:22:28.802] [Render thread/DEBUG] [net.neoforged.neoforge.common.CommonHooks/WP]: Gathered mod list to write to world save Wpas
[10Juni2026 13:22:28.899] [Render thread/DEBUG] [mixin/]: Mixing accessor.PotionBrewingAccessor from create.mixins.json into net.minecraft.world.item.alchemy.PotionBrewing
[10Juni2026 13:22:28.914] [Server thread/INFO] [net.minecraft.client.server.IntegratedServer/]: Starting integrated minecraft server version 1.21.1
[10Juni2026 13:22:28.915] [Server thread/INFO] [net.minecraft.server.MinecraftServer/]: Generating keypair
[10Juni2026 13:22:28.993] [Server thread/DEBUG] [net.neoforged.fml.config.ConfigTracker/CONFIG]: Loading configs type SERVER
[10Juni2026 13:22:28.995] [Server thread/DEBUG] [net.neoforged.fml.config.ConfigTracker/CONFIG]: Loaded TOML config file F:\Games\MODS\crafts_construct\run\config\jei-server.toml
[10Juni2026 13:22:28.997] [Server thread/DEBUG] [net.neoforged.fml.config.ConfigTracker/CONFIG]: Watching TOML config file F:\Games\MODS\crafts_construct\run\config\jei-server.toml for changes
[10Juni2026 13:22:29.015] [Server thread/DEBUG] [net.neoforged.neoforge.common.NeoForgeConfig/FORGEMOD]: Loaded NeoForge config file neoforge-server.toml
[10Juni2026 13:22:29.015] [Server thread/DEBUG] [net.neoforged.fml.config.ConfigTracker/CONFIG]: Loaded TOML config file F:\Games\MODS\crafts_construct\run\config\neoforge-server.toml
[10Juni2026 13:22:29.017] [Server thread/DEBUG] [net.neoforged.fml.config.ConfigTracker/CONFIG]: Watching TOML config file F:\Games\MODS\crafts_construct\run\config\neoforge-server.toml for changes
[10Juni2026 13:22:29.051] [Server thread/DEBUG] [net.neoforged.fml.config.ConfigTracker/CONFIG]: Loaded TOML config file F:\Games\MODS\crafts_construct\run\config\create-server.toml
[10Juni2026 13:22:29.052] [Server thread/DEBUG] [net.neoforged.fml.config.ConfigTracker/CONFIG]: Watching TOML config file F:\Games\MODS\crafts_construct\run\config\create-server.toml for changes
[10Juni2026 13:22:29.145] [Server thread/DEBUG] [mixin/]: Mixing accessor.BiomeManagerAccessor from ponder.mixins.json into net.minecraft.world.level.biome.BiomeManager
[10Juni2026 13:22:29.145] [Server thread/DEBUG] [mixin/]: ponder.mixins.json:accessor.BiomeManagerAccessor from mod ponder: Class version 65 required is higher than the class version supported by the current version of Mixin (JAVA_17 supports class version 61)
[10Juni2026 13:22:29.499] [Server thread/DEBUG] [mixin/]: Mixing light.LightEngineAccessor from flywheel.backend.mixins.json into net.minecraft.world.level.lighting.LightEngine
[10Juni2026 13:22:29.520] [Server thread/DEBUG] [mixin/]: Mixing light.SkyLightSectionStorageMixin from flywheel.backend.mixins.json into net.minecraft.world.level.lighting.SkyLightSectionStorage
[10Juni2026 13:22:29.532] [Server thread/DEBUG] [mixin/]: Mixing light.SkyDataLayerStorageMapAccessor from flywheel.backend.mixins.json into net.minecraft.world.level.lighting.SkyLightSectionStorage$SkyDataLayerStorageMap
[10Juni2026 13:22:29.657] [Server thread/DEBUG] [com.simibubi.create.Create/]: Prepared Redstone Network Space for minecraft:overworld
[10Juni2026 13:22:29.657] [Server thread/DEBUG] [com.simibubi.create.Create/]: Prepared Kinetic Network Space for minecraft:overworld
[10Juni2026 13:22:30.947] [Server thread/DEBUG] [com.simibubi.create.Create/]: Prepared Redstone Network Space for minecraft:the_end
[10Juni2026 13:22:30.947] [Server thread/DEBUG] [com.simibubi.create.Create/]: Prepared Kinetic Network Space for minecraft:the_end
[10Juni2026 13:22:30.954] [Server thread/DEBUG] [com.simibubi.create.Create/]: Prepared Redstone Network Space for minecraft:the_nether
[10Juni2026 13:22:30.954] [Server thread/DEBUG] [com.simibubi.create.Create/]: Prepared Kinetic Network Space for minecraft:the_nether
[10Juni2026 13:22:30.958] [Server thread/INFO] [net.minecraft.server.MinecraftServer/]: Preparing start region for dimension minecraft:overworld
[10Juni2026 13:22:31.557] [progressListener/INFO] [net.minecraft.server.level.progress.LoggerChunkProgressListener/]: Preparing spawn area: 0%
[10Juni2026 13:22:31.557] [progressListener/INFO] [net.minecraft.server.level.progress.LoggerChunkProgressListener/]: Preparing spawn area: 0%
[10Juni2026 13:22:31.863] [Server thread/INFO] [net.neoforged.neoforge.server.permission.PermissionAPI/]: Successfully initialized permission handler neoforge:default_handler
[10Juni2026 13:22:31.868] [progressListener/INFO] [net.minecraft.server.level.progress.LoggerChunkProgressListener/]: Time elapsed: 898 ms
[10Juni2026 13:22:32.105] [Server thread/INFO] [net.minecraft.client.server.IntegratedServer/]: Changing view distance to 9, from 10
[10Juni2026 13:22:32.106] [Server thread/INFO] [net.minecraft.client.server.IntegratedServer/]: Changing simulation distance to 9, from 0
[10Juni2026 13:22:32.138] [Render thread/DEBUG] [io.netty.channel.MultithreadEventLoopGroup/]: -Dio.netty.eventLoopThreads: 16
[10Juni2026 13:22:32.158] [Render thread/DEBUG] [io.netty.util.concurrent.GlobalEventExecutor/]: -Dio.netty.globalEventExecutor.quietPeriodSeconds: 1
[10Juni2026 13:22:32.207] [Render thread/DEBUG] [io.netty.channel.nio.NioEventLoop/]: -Dio.netty.noKeySetOptimization: false
[10Juni2026 13:22:32.208] [Render thread/DEBUG] [io.netty.channel.nio.NioEventLoop/]: -Dio.netty.selectorAutoRebuildThreshold: 512
[10Juni2026 13:22:32.218] [Render thread/DEBUG] [io.netty.util.internal.PlatformDependent/]: org.jctools-core.MpscChunkedArrayQueue: available
[10Juni2026 13:22:32.292] [Render thread/DEBUG] [io.netty.channel.DefaultChannelId/]: -Dio.netty.processId: 23368 (auto-detected)
[10Juni2026 13:22:32.294] [Render thread/DEBUG] [io.netty.util.NetUtil/]: -Djava.net.preferIPv4Stack: false
[10Juni2026 13:22:32.294] [Render thread/DEBUG] [io.netty.util.NetUtil/]: -Djava.net.preferIPv6Addresses: system
[10Juni2026 13:22:32.375] [Render thread/DEBUG] [io.netty.util.NetUtilInitializations/]: Loopback interface: loopback_0 (Software Loopback Interface 1, 0:0:0:0:0:0:0:1)
[10Juni2026 13:22:32.376] [Render thread/DEBUG] [io.netty.util.NetUtil/]: Failed to get SOMAXCONN from sysctl and file \proc\sys\net\core\somaxconn. Default: 200
[10Juni2026 13:22:32.451] [Render thread/DEBUG] [io.netty.channel.DefaultChannelId/]: -Dio.netty.machineId: 00:d8:61:ff:fe:c0:94:31 (auto-detected)
[10Juni2026 13:22:32.602] [Render thread/DEBUG] [io.netty.util.Recycler/]: -Dio.netty.recycler.maxCapacityPerThread: 4096
[10Juni2026 13:22:32.602] [Render thread/DEBUG] [io.netty.util.Recycler/]: -Dio.netty.recycler.ratio: 8
[10Juni2026 13:22:32.602] [Render thread/DEBUG] [io.netty.util.Recycler/]: -Dio.netty.recycler.chunkSize: 32
[10Juni2026 13:22:32.603] [Render thread/DEBUG] [io.netty.util.Recycler/]: -Dio.netty.recycler.blocking: false
[10Juni2026 13:22:32.603] [Render thread/DEBUG] [io.netty.util.Recycler/]: -Dio.netty.recycler.batchFastThreadLocalOnly: true
[10Juni2026 13:22:32.862] [Netty Server IO #1/DEBUG] [net.neoforged.neoforge.network.filters.NetworkFilters/]: Injected net.neoforged.neoforge.network.filters.GenericPacketSplitter@9fcabae into net.minecraft.network.Connection@d1ecc90
[10Juni2026 13:22:32.893] [Netty Local Client IO #0/DEBUG] [net.neoforged.neoforge.network.filters.NetworkFilters/]: Injected net.neoforged.neoforge.network.filters.GenericPacketSplitter@71a97449 into net.minecraft.network.Connection@2eafe50e
[10Juni2026 13:22:33.155] [Render thread/INFO] [com.simibubi.create.Create/]: Created 141 recipes which will be injected into the game
[10Juni2026 13:22:33.159] [Render thread/INFO] [com.simibubi.create.Create/]: Created 0 tags which will be injected into the game
[10Juni2026 13:22:33.408] [Render thread/INFO] [mezz.jei.neoforge.startup.StartEventObserver/]: JEI StartEventObserver received class net.neoforged.neoforge.event.TagsUpdatedEvent
[10Juni2026 13:22:33.649] [Render thread/DEBUG] [mixin/]: Mixing client.accessor.ClientPacketListenerAccessor from ponder.mixins.json into net.minecraft.client.multiplayer.ClientPacketListener
[10Juni2026 13:22:33.652] [Render thread/DEBUG] [mixin/]: ponder.mixins.json:client.accessor.ClientPacketListenerAccessor from mod ponder: Class version 65 required is higher than the class version supported by the current version of Mixin (JAVA_17 supports class version 61)
[10Juni2026 13:22:33.708] [Netty Server IO #1/DEBUG] [net.neoforged.neoforge.network.filters.NetworkFilters/]: Injected net.neoforged.neoforge.network.filters.GenericPacketSplitter@652d7f05 into net.minecraft.network.Connection@d1ecc90
[10Juni2026 13:22:33.991] [Server thread/INFO] [net.minecraft.server.players.PlayerList/]: Dev[local:E:15a09401] logged in with entity id 17 at (162.43132882948836, 68.81313554902955, -367.26464036714947)
[10Juni2026 13:22:34.035] [Render thread/DEBUG] [mixin/]: Mixing ClientChunkCacheMixin from flywheel.impl.mixins.json into net.minecraft.client.multiplayer.ClientChunkCache
[10Juni2026 13:22:34.041] [Render thread/DEBUG] [mixin/]: flywheel.impl.mixins.json:ClientChunkCacheMixin from mod flywheel->@Inject::flywheel$onLightUpdate(Lnet/minecraft/world/level/LightLayer;Lnet/minecraft/core/SectionPos;Lorg/spongepowered/asm/mixin/injection/callback/CallbackInfo;)V doesn't use it's CallbackInfo
[10Juni2026 13:22:34.041] [Render thread/DEBUG] [mixin/]: flywheel.impl.mixins.json:ClientChunkCacheMixin from mod flywheel->@Inject::flywheel$onLightUpdate(Lnet/minecraft/world/level/LightLayer;Lnet/minecraft/core/SectionPos;Lorg/spongepowered/asm/mixin/injection/callback/CallbackInfo;)V has 0 override(s) in child classes
[10Juni2026 13:22:34.041] [Render thread/DEBUG] [mixin/]: flywheel.impl.mixins.json:ClientChunkCacheMixin from mod flywheel->@Inject::flywheel$onLightUpdate(Lnet/minecraft/world/level/LightLayer;Lnet/minecraft/core/SectionPos;Lorg/spongepowered/asm/mixin/injection/callback/CallbackInfo;)V won't be passed a CallbackInfo as a result
[10Juni2026 13:22:34.069] [Render thread/DEBUG] [com.simibubi.create.Create/]: Prepared Redstone Network Space for minecraft:overworld
[10Juni2026 13:22:34.069] [Render thread/DEBUG] [com.simibubi.create.Create/]: Prepared Kinetic Network Space for minecraft:overworld
[10Juni2026 13:22:34.082] [Render thread/DEBUG] [mixin/]: Mixing visualmanage.SectionCompilerMixin from flywheel.impl.mixins.json into net.minecraft.client.renderer.chunk.SectionCompiler
[10Juni2026 13:22:34.084] [Render thread/DEBUG] [mixin/]: flywheel.impl.mixins.json:visualmanage.SectionCompilerMixin from mod flywheel->@Inject::flywheel$tryAddBlockEntity(Ljava/lang/Object;Lnet/minecraft/world/level/block/entity/BlockEntity;Lorg/spongepowered/asm/mixin/injection/callback/CallbackInfo;)V does use it's CallbackInfo
[10Juni2026 13:22:34.102] [Server thread/INFO] [net.minecraft.server.MinecraftServer/]: Dev joined the game
[10Juni2026 13:22:34.207] [Render thread/INFO] [flywheel/]: Started 2 worker threads
[10Juni2026 13:22:34.236] [Render thread/DEBUG] [mixin/]: Mixing ProjectileUtilMixin from create.mixins.json into net.minecraft.world.entity.projectile.ProjectileUtil
[10Juni2026 13:22:34.668] [Render thread/INFO] [mezz.jei.neoforge.startup.StartEventObserver/]: JEI StartEventObserver received class net.neoforged.neoforge.client.event.RecipesUpdatedEvent
[10Juni2026 13:22:34.670] [Render thread/INFO] [mezz.jei.neoforge.startup.StartEventObserver/]: JEI StartEventObserver transitioning state from LISTENING to JEI_STARTED
[10Juni2026 13:22:34.672] [Render thread/INFO] [mezz.jei.core.util.LoggedTimer/]: Starting JEI...
[10Juni2026 13:22:34.686] [Render thread/INFO] [mezz.jei.library.load.PluginCaller/]: Registering item subtypes...
[10Juni2026 13:22:34.687] [Render thread/DEBUG] [mezz.jei.library.load.PluginCallerTimerRunnable/]: Registering item subtypes: jei:minecraft...
[10Juni2026 13:22:34.695] [Render thread/DEBUG] [mezz.jei.library.load.PluginCallerTimerRunnable/]: Registering item subtypes: create:jei_plugin...
[10Juni2026 13:22:34.695] [Render thread/DEBUG] [mezz.jei.library.load.PluginCallerTimerRunnable/]: Registering item subtypes: jei:neoforge_gui...
[10Juni2026 13:22:34.695] [Render thread/DEBUG] [mezz.jei.library.load.PluginCallerTimerRunnable/]: Registering item subtypes: jei:debug...
[10Juni2026 13:22:34.695] [Render thread/DEBUG] [mezz.jei.library.load.PluginCallerTimerRunnable/]: Registering item subtypes: jei:gui...
[10Juni2026 13:22:34.695] [Render thread/DEBUG] [mezz.jei.library.load.PluginCallerTimerRunnable/]: Registering item subtypes: jei:internal...
[10Juni2026 13:22:34.695] [Render thread/INFO] [mezz.jei.library.load.PluginCaller/]: Registering item subtypes took 8.062 ms
[10Juni2026 13:22:34.696] [Render thread/INFO] [mezz.jei.library.load.PluginCaller/]: Registering fluid subtypes...
[10Juni2026 13:22:34.696] [Render thread/DEBUG] [mezz.jei.library.load.PluginCallerTimerRunnable/]: Registering fluid subtypes: jei:minecraft...
[10Juni2026 13:22:34.697] [Render thread/DEBUG] [mezz.jei.library.load.PluginCallerTimerRunnable/]: Registering fluid subtypes: create:jei_plugin...
[10Juni2026 13:22:34.699] [Render thread/DEBUG] [mezz.jei.library.load.PluginCallerTimerRunnable/]: Registering fluid subtypes: jei:neoforge_gui...
[10Juni2026 13:22:34.699] [Render thread/DEBUG] [mezz.jei.library.load.PluginCallerTimerRunnable/]: Registering fluid subtypes: jei:debug...
[10Juni2026 13:22:34.699] [Render thread/DEBUG] [mezz.jei.library.load.PluginCallerTimerRunnable/]: Registering fluid subtypes: jei:gui...
[10Juni2026 13:22:34.699] [Render thread/DEBUG] [mezz.jei.library.load.PluginCallerTimerRunnable/]: Registering fluid subtypes: jei:internal...
[10Juni2026 13:22:34.700] [Render thread/INFO] [mezz.jei.library.load.PluginCaller/]: Registering fluid subtypes took 3.860 ms
[10Juni2026 13:22:34.703] [Render thread/INFO] [mezz.jei.library.load.PluginCaller/]: Registering ingredients...
[10Juni2026 13:22:34.703] [Render thread/DEBUG] [mezz.jei.library.load.PluginCallerTimerRunnable/]: Registering ingredients: jei:minecraft...
[10Juni2026 13:22:35.011] [Render thread/DEBUG] [mezz.jei.library.plugins.vanilla.ingredients.ItemStackListFactory/]: Added  402/ 402 new items from 'Building Blocks' creative tab's displayItems
[10Juni2026 13:22:35.022] [Render thread/DEBUG] [mezz.jei.library.plugins.vanilla.ingredients.ItemStackListFactory/]: Added  198/ 198 new items from 'Colored Blocks' creative tab's displayItems
[10Juni2026 13:22:35.030] [Render thread/DEBUG] [mezz.jei.library.plugins.vanilla.ingredients.ItemStackListFactory/]: Added  201/ 226 new items from 'Natural Blocks' creative tab's displayItems
[10Juni2026 13:22:35.050] [Render thread/DEBUG] [mezz.jei.library.plugins.vanilla.ingredients.ItemStackListFactory/]: Added  138/ 225 new items from 'Functional Blocks' creative tab's displayItems
[10Juni2026 13:22:35.052] [Render thread/DEBUG] [mezz.jei.library.plugins.vanilla.ingredients.ItemStackListFactory/]: Added   29/  68 new items from 'Redstone Blocks' creative tab's displayItems
[10Juni2026 13:22:35.053] [Render thread/DEBUG] [mezz.jei.library.plugins.vanilla.ingredients.ItemStackListFactory/]: Skipping creative tab: 'Saved Hotbars' because it is type: HOTBAR
[10Juni2026 13:22:35.053] [Render thread/DEBUG] [mezz.jei.library.plugins.vanilla.ingredients.ItemStackListFactory/]: Skipping creative tab: 'Search Items' because it is type: SEARCH
[10Juni2026 13:22:35.063] [Render thread/DEBUG] [mezz.jei.library.plugins.vanilla.ingredients.ItemStackListFactory/]: Added  101/ 113 new items from 'Tools & Utilities' creative tab's displayItems
[10Juni2026 13:22:35.071] [Render thread/DEBUG] [mezz.jei.library.plugins.vanilla.ingredients.ItemStackListFactory/]: Added   92/ 104 new items from 'Combat' creative tab's displayItems
[10Juni2026 13:22:35.084] [Render thread/DEBUG] [mezz.jei.library.plugins.vanilla.ingredients.ItemStackListFactory/]: Added  190/ 193 new items from 'Food & Drinks' creative tab's displayItems
[10Juni2026 13:22:35.101] [Render thread/DEBUG] [mezz.jei.library.plugins.vanilla.ingredients.ItemStackListFactory/]: Added  174/ 188 new items from 'Ingredients' creative tab's displayItems
[10Juni2026 13:22:35.102] [Render thread/DEBUG] [mezz.jei.library.plugins.vanilla.ingredients.ItemStackListFactory/]: Added   87/ 275 new items from 'Ingredients' creative tab's searchTabDisplayItems
[10Juni2026 13:22:35.107] [Render thread/DEBUG] [mezz.jei.library.plugins.vanilla.ingredients.ItemStackListFactory/]: Added   80/  80 new items from 'Spawn Eggs' creative tab's displayItems
[10Juni2026 13:22:35.107] [Render thread/WARN] [mezz.jei.library.plugins.vanilla.ingredients.ItemStackListFactory/]: Item Group has no display items and no search tab display items. Items from this group will be missing from the JEI ingredient list. Operator Utilities
[10Juni2026 13:22:35.108] [Render thread/DEBUG] [mezz.jei.library.plugins.vanilla.ingredients.ItemStackListFactory/]: Skipping creative tab: 'Survival Inventory' because it is type: INVENTORY
[10Juni2026 13:22:35.123] [Render thread/DEBUG] [mezz.jei.library.plugins.vanilla.ingredients.ItemStackListFactory/]: Added  203/ 203 new items from 'Create' creative tab's displayItems
[10Juni2026 13:22:35.123] [Render thread/DEBUG] [mezz.jei.library.plugins.vanilla.ingredients.ItemStackListFactory/]: Added   62/ 265 new items from 'Create' creative tab's searchTabDisplayItems
[10Juni2026 13:22:35.129] [Render thread/DEBUG] [mezz.jei.library.plugins.vanilla.ingredients.ItemStackListFactory/]: Added  377/ 377 new items from 'Create's Building Blocks' creative tab's displayItems
[10Juni2026 13:22:35.129] [Render thread/DEBUG] [mezz.jei.library.plugins.vanilla.ingredients.ItemStackListFactory/]: Added   15/ 392 new items from 'Create's Building Blocks' creative tab's searchTabDisplayItems
[10Juni2026 13:22:35.131] [Render thread/DEBUG] [mezz.jei.library.plugins.vanilla.ingredients.ItemStackListFactory/]: Added   56/  56 new items from 'Crafts & Construct' creative tab's displayItems
[10Juni2026 13:22:35.150] [Render thread/INFO] [mezz.jei.library.load.PluginCallerTimerRunnable/]: Registering ingredients: jei:minecraft took 445.9 milliseconds
[10Juni2026 13:22:35.150] [Render thread/DEBUG] [mezz.jei.library.load.PluginCallerTimerRunnable/]: Registering ingredients: create:jei_plugin...
[10Juni2026 13:22:35.150] [Render thread/DEBUG] [mezz.jei.library.load.PluginCallerTimerRunnable/]: Registering ingredients: jei:neoforge_gui...
[10Juni2026 13:22:35.150] [Render thread/DEBUG] [mezz.jei.library.load.PluginCallerTimerRunnable/]: Registering ingredients: jei:debug...
[10Juni2026 13:22:35.150] [Render thread/DEBUG] [mezz.jei.library.load.PluginCallerTimerRunnable/]: Registering ingredients: jei:gui...
[10Juni2026 13:22:35.150] [Render thread/DEBUG] [mezz.jei.library.load.PluginCallerTimerRunnable/]: Registering ingredients: jei:internal...
[10Juni2026 13:22:35.150] [Render thread/INFO] [mezz.jei.library.load.PluginCaller/]: Registering ingredients took 447.4 ms
[10Juni2026 13:22:35.151] [Render thread/INFO] [mezz.jei.library.load.PluginCaller/]: Registering extra ingredients...
[10Juni2026 13:22:35.152] [Render thread/DEBUG] [mezz.jei.library.load.PluginCallerTimerRunnable/]: Registering extra ingredients: jei:minecraft...
[10Juni2026 13:22:35.152] [Render thread/DEBUG] [mezz.jei.library.load.PluginCallerTimerRunnable/]: Registering extra ingredients: create:jei_plugin...
[10Juni2026 13:22:35.159] [Render thread/DEBUG] [mezz.jei.library.load.PluginCallerTimerRunnable/]: Registering extra ingredients: jei:neoforge_gui...
[10Juni2026 13:22:35.159] [Render thread/DEBUG] [mezz.jei.library.load.PluginCallerTimerRunnable/]: Registering extra ingredients: jei:debug...
[10Juni2026 13:22:35.159] [Render thread/DEBUG] [mezz.jei.library.load.PluginCallerTimerRunnable/]: Registering extra ingredients: jei:gui...
[10Juni2026 13:22:35.159] [Render thread/DEBUG] [mezz.jei.library.load.PluginCallerTimerRunnable/]: Registering extra ingredients: jei:internal...
[10Juni2026 13:22:35.160] [Render thread/INFO] [mezz.jei.library.load.PluginCaller/]: Registering extra ingredients took 8.026 ms
[10Juni2026 13:22:35.160] [Render thread/INFO] [mezz.jei.library.load.PluginCaller/]: Registering search ingredient aliases...
[10Juni2026 13:22:35.161] [Render thread/DEBUG] [mezz.jei.library.load.PluginCallerTimerRunnable/]: Registering search ingredient aliases: jei:minecraft...
[10Juni2026 13:22:35.161] [Render thread/DEBUG] [mezz.jei.library.load.PluginCallerTimerRunnable/]: Registering search ingredient aliases: create:jei_plugin...
[10Juni2026 13:22:35.161] [Render thread/DEBUG] [mezz.jei.library.load.PluginCallerTimerRunnable/]: Registering search ingredient aliases: jei:neoforge_gui...
[10Juni2026 13:22:35.161] [Render thread/DEBUG] [mezz.jei.library.load.PluginCallerTimerRunnable/]: Registering search ingredient aliases: jei:debug...
[10Juni2026 13:22:35.162] [Render thread/DEBUG] [mezz.jei.library.load.PluginCallerTimerRunnable/]: Registering search ingredient aliases: jei:gui...
[10Juni2026 13:22:35.162] [Render thread/DEBUG] [mezz.jei.library.load.PluginCallerTimerRunnable/]: Registering search ingredient aliases: jei:internal...
[10Juni2026 13:22:35.162] [Render thread/INFO] [mezz.jei.library.load.PluginCaller/]: Registering search ingredient aliases took 1.773 ms
[10Juni2026 13:22:35.184] [Render thread/INFO] [mezz.jei.library.load.PluginCaller/]: Registering Mod Info...
[10Juni2026 13:22:35.185] [Render thread/DEBUG] [mezz.jei.library.load.PluginCallerTimerRunnable/]: Registering Mod Info: jei:minecraft...
[10Juni2026 13:22:35.186] [Render thread/DEBUG] [mezz.jei.library.load.PluginCallerTimerRunnable/]: Registering Mod Info: create:jei_plugin...
[10Juni2026 13:22:35.186] [Render thread/DEBUG] [mezz.jei.library.load.PluginCallerTimerRunnable/]: Registering Mod Info: jei:neoforge_gui...
[10Juni2026 13:22:35.186] [Render thread/DEBUG] [mezz.jei.library.load.PluginCallerTimerRunnable/]: Registering Mod Info: jei:debug...
[10Juni2026 13:22:35.186] [Render thread/DEBUG] [mezz.jei.library.load.PluginCallerTimerRunnable/]: Registering Mod Info: jei:gui...
[10Juni2026 13:22:35.186] [Render thread/DEBUG] [mezz.jei.library.load.PluginCallerTimerRunnable/]: Registering Mod Info: jei:internal...
[10Juni2026 13:22:35.186] [Render thread/INFO] [mezz.jei.library.load.PluginCaller/]: Registering Mod Info took 1.426 ms
[10Juni2026 13:22:35.213] [Render thread/INFO] [mezz.jei.library.load.PluginCaller/]: Registering categories...
[10Juni2026 13:22:35.213] [Render thread/DEBUG] [mezz.jei.library.load.PluginCallerTimerRunnable/]: Registering categories: jei:minecraft...
[10Juni2026 13:22:35.238] [Render thread/INFO] [mezz.jei.library.load.PluginCallerTimerRunnable/]: Registering categories: jei:minecraft took 24.17 milliseconds
[10Juni2026 13:22:35.238] [Render thread/DEBUG] [mezz.jei.library.load.PluginCallerTimerRunnable/]: Registering categories: create:jei_plugin...
[10Juni2026 13:22:35.300] [Render thread/INFO] [mezz.jei.library.load.PluginCallerTimerRunnable/]: Registering categories: create:jei_plugin took 61.56 milliseconds
[10Juni2026 13:22:35.300] [Render thread/DEBUG] [mezz.jei.library.load.PluginCallerTimerRunnable/]: Registering categories: jei:neoforge_gui...
[10Juni2026 13:22:35.300] [Render thread/DEBUG] [mezz.jei.library.load.PluginCallerTimerRunnable/]: Registering categories: jei:debug...
[10Juni2026 13:22:35.300] [Render thread/DEBUG] [mezz.jei.library.load.PluginCallerTimerRunnable/]: Registering categories: jei:gui...
[10Juni2026 13:22:35.300] [Render thread/DEBUG] [mezz.jei.library.load.PluginCallerTimerRunnable/]: Registering categories: jei:internal...
[10Juni2026 13:22:35.308] [Render thread/INFO] [mezz.jei.library.load.PluginCaller/]: Registering categories took 94.35 ms
[10Juni2026 13:22:35.309] [Render thread/INFO] [mezz.jei.library.load.PluginCaller/]: Registering vanilla category extensions...
[10Juni2026 13:22:35.309] [Render thread/DEBUG] [mezz.jei.library.load.PluginCallerTimerRunnable/]: Registering vanilla category extensions: jei:minecraft...
[10Juni2026 13:22:35.313] [Render thread/DEBUG] [mezz.jei.library.load.PluginCallerTimerRunnable/]: Registering vanilla category extensions: create:jei_plugin...
[10Juni2026 13:22:35.313] [Render thread/DEBUG] [mezz.jei.library.load.PluginCallerTimerRunnable/]: Registering vanilla category extensions: jei:neoforge_gui...
[10Juni2026 13:22:35.313] [Render thread/DEBUG] [mezz.jei.library.load.PluginCallerTimerRunnable/]: Registering vanilla category extensions: jei:debug...
[10Juni2026 13:22:35.313] [Render thread/DEBUG] [mezz.jei.library.load.PluginCallerTimerRunnable/]: Registering vanilla category extensions: jei:gui...
[10Juni2026 13:22:35.313] [Render thread/DEBUG] [mezz.jei.library.load.PluginCallerTimerRunnable/]: Registering vanilla category extensions: jei:internal...
[10Juni2026 13:22:35.313] [Render thread/INFO] [mezz.jei.library.load.PluginCaller/]: Registering vanilla category extensions took 4.788 ms
[10Juni2026 13:22:35.315] [Render thread/INFO] [mezz.jei.library.load.PluginCaller/]: Registering recipe catalysts...
[10Juni2026 13:22:35.316] [Render thread/DEBUG] [mezz.jei.library.load.PluginCallerTimerRunnable/]: Registering recipe catalysts: jei:minecraft...
[10Juni2026 13:22:35.317] [Render thread/DEBUG] [mezz.jei.library.load.PluginCallerTimerRunnable/]: Registering recipe catalysts: create:jei_plugin...
[10Juni2026 13:22:35.319] [Render thread/DEBUG] [mezz.jei.library.load.PluginCallerTimerRunnable/]: Registering recipe catalysts: jei:neoforge_gui...
[10Juni2026 13:22:35.319] [Render thread/DEBUG] [mezz.jei.library.load.PluginCallerTimerRunnable/]: Registering recipe catalysts: jei:debug...
[10Juni2026 13:22:35.319] [Render thread/DEBUG] [mezz.jei.library.load.PluginCallerTimerRunnable/]: Registering recipe catalysts: jei:gui...
[10Juni2026 13:22:35.319] [Render thread/DEBUG] [mezz.jei.library.load.PluginCallerTimerRunnable/]: Registering recipe catalysts: jei:internal...
[10Juni2026 13:22:35.319] [Render thread/INFO] [mezz.jei.library.load.PluginCaller/]: Registering recipe catalysts took 3.499 ms
[10Juni2026 13:22:35.320] [Render thread/INFO] [mezz.jei.core.util.LoggedTimer/]: Building recipe registry...
[10Juni2026 13:22:35.342] [Render thread/INFO] [mezz.jei.core.util.LoggedTimer/]: Building recipe registry took 21.31 ms
[10Juni2026 13:22:35.343] [Render thread/INFO] [mezz.jei.library.load.PluginCaller/]: Registering advanced plugins...
[10Juni2026 13:22:35.345] [Render thread/DEBUG] [mezz.jei.library.load.PluginCallerTimerRunnable/]: Registering advanced plugins: jei:minecraft...
[10Juni2026 13:22:35.345] [Render thread/DEBUG] [mezz.jei.library.load.PluginCallerTimerRunnable/]: Registering advanced plugins: create:jei_plugin...
[10Juni2026 13:22:35.345] [Render thread/DEBUG] [mezz.jei.library.load.PluginCallerTimerRunnable/]: Registering advanced plugins: jei:neoforge_gui...
[10Juni2026 13:22:35.345] [Render thread/DEBUG] [mezz.jei.library.load.PluginCallerTimerRunnable/]: Registering advanced plugins: jei:debug...
[10Juni2026 13:22:35.345] [Render thread/DEBUG] [mezz.jei.library.load.PluginCallerTimerRunnable/]: Registering advanced plugins: jei:gui...
[10Juni2026 13:22:35.345] [Render thread/DEBUG] [mezz.jei.library.load.PluginCallerTimerRunnable/]: Registering advanced plugins: jei:internal...
[10Juni2026 13:22:35.346] [Render thread/INFO] [mezz.jei.library.load.PluginCaller/]: Registering advanced plugins took 1.029 ms
[10Juni2026 13:22:35.347] [Render thread/INFO] [mezz.jei.library.load.PluginCaller/]: Registering recipes...
[10Juni2026 13:22:35.347] [Render thread/DEBUG] [mezz.jei.library.load.PluginCallerTimerRunnable/]: Registering recipes: jei:minecraft...
[10Juni2026 13:22:35.386] [Render thread/DEBUG] [mezz.jei.library.recipes.RecipeManagerInternal/]: Adding recipes: RecipeType[uid=minecraft:crafting, recipeClass=class net.minecraft.world.item.crafting.RecipeHolder]
[10Juni2026 13:22:35.443] [Render thread/DEBUG] [mezz.jei.library.recipes.RecipeManagerInternal/]: Adding recipes: RecipeType[uid=minecraft:crafting, recipeClass=class net.minecraft.world.item.crafting.RecipeHolder]
[10Juni2026 13:22:35.451] [Render thread/DEBUG] [mezz.jei.library.recipes.RecipeManagerInternal/]: Adding recipes: RecipeType[uid=minecraft:stonecutting, recipeClass=class net.minecraft.world.item.crafting.RecipeHolder]
[10Juni2026 13:22:35.460] [Render thread/DEBUG] [mezz.jei.library.recipes.RecipeManagerInternal/]: Adding recipes: RecipeType[uid=minecraft:smelting, recipeClass=class net.minecraft.world.item.crafting.RecipeHolder]
[10Juni2026 13:22:35.461] [Render thread/DEBUG] [mezz.jei.library.recipes.RecipeManagerInternal/]: Adding recipes: RecipeType[uid=minecraft:smoking, recipeClass=class net.minecraft.world.item.crafting.RecipeHolder]
[10Juni2026 13:22:35.462] [Render thread/DEBUG] [mezz.jei.library.recipes.RecipeManagerInternal/]: Adding recipes: RecipeType[uid=minecraft:blasting, recipeClass=class net.minecraft.world.item.crafting.RecipeHolder]
[10Juni2026 13:22:35.463] [Render thread/DEBUG] [mezz.jei.library.recipes.RecipeManagerInternal/]: Adding recipes: RecipeType[uid=minecraft:campfire_cooking, recipeClass=class net.minecraft.world.item.crafting.RecipeHolder]
[10Juni2026 13:22:35.470] [Render thread/DEBUG] [mezz.jei.library.recipes.RecipeManagerInternal/]: Adding recipes: RecipeType[uid=minecraft:fuel, recipeClass=interface mezz.jei.api.recipe.vanilla.IJeiFuelingRecipe]
[10Juni2026 13:22:35.492] [Render thread/DEBUG] [mezz.jei.library.recipes.RecipeManagerInternal/]: Adding recipes: RecipeType[uid=minecraft:anvil, recipeClass=interface mezz.jei.api.recipe.vanilla.IJeiAnvilRecipe]
[10Juni2026 13:22:35.553] [Render thread/DEBUG] [mezz.jei.library.recipes.RecipeManagerInternal/]: Adding recipes: RecipeType[uid=minecraft:smithing, recipeClass=class net.minecraft.world.item.crafting.RecipeHolder]
[10Juni2026 13:22:35.572] [Render thread/DEBUG] [mezz.jei.library.recipes.RecipeManagerInternal/]: Adding recipes: RecipeType[uid=minecraft:compostable, recipeClass=interface mezz.jei.api.recipe.vanilla.IJeiCompostingRecipe]
[10Juni2026 13:22:35.621] [Render thread/DEBUG] [mezz.jei.library.recipes.RecipeManagerInternal/]: Adding recipes: RecipeType[uid=minecraft:brewing, recipeClass=interface mezz.jei.api.recipe.vanilla.IJeiBrewingRecipe]
[10Juni2026 13:22:35.630] [Render thread/INFO] [mezz.jei.library.load.PluginCallerTimerRunnable/]: Registering recipes: jei:minecraft took 282.5 milliseconds
[10Juni2026 13:22:35.630] [Render thread/DEBUG] [mezz.jei.library.load.PluginCallerTimerRunnable/]: Registering recipes: create:jei_plugin...
[10Juni2026 13:22:35.631] [Render thread/DEBUG] [mezz.jei.library.recipes.RecipeManagerInternal/]: Adding recipes: RecipeType[uid=create:milling, recipeClass=class com.simibubi.create.content.kinetics.crusher.AbstractCrushingRecipe]
[10Juni2026 13:22:35.637] [Render thread/DEBUG] [mezz.jei.library.recipes.RecipeManagerInternal/]: Adding recipes: RecipeType[uid=create:crushing, recipeClass=class com.simibubi.create.content.kinetics.crusher.AbstractCrushingRecipe]
[10Juni2026 13:22:35.641] [Render thread/DEBUG] [mezz.jei.library.recipes.RecipeManagerInternal/]: Adding recipes: RecipeType[uid=create:pressing, recipeClass=class com.simibubi.create.content.kinetics.press.PressingRecipe]
[10Juni2026 13:22:35.642] [Render thread/DEBUG] [mezz.jei.library.recipes.RecipeManagerInternal/]: Adding recipes: RecipeType[uid=create:fan_washing, recipeClass=class com.simibubi.create.content.kinetics.fan.processing.SplashingRecipe]
[10Juni2026 13:22:35.643] [Render thread/DEBUG] [mezz.jei.library.recipes.RecipeManagerInternal/]: Adding recipes: RecipeType[uid=create:fan_smoking, recipeClass=class net.minecraft.world.item.crafting.SmokingRecipe]
[10Juni2026 13:22:35.649] [Render thread/DEBUG] [mezz.jei.library.recipes.RecipeManagerInternal/]: Adding recipes: RecipeType[uid=create:fan_blasting, recipeClass=class net.minecraft.world.item.crafting.AbstractCookingRecipe]
[10Juni2026 13:22:35.650] [Render thread/DEBUG] [mezz.jei.library.recipes.RecipeManagerInternal/]: Adding recipes: RecipeType[uid=create:fan_haunting, recipeClass=class com.simibubi.create.content.kinetics.fan.processing.HauntingRecipe]
[10Juni2026 13:22:35.651] [Render thread/DEBUG] [mezz.jei.library.recipes.RecipeManagerInternal/]: Adding recipes: RecipeType[uid=create:mixing, recipeClass=class com.simibubi.create.content.processing.basin.BasinRecipe]
[10Juni2026 13:22:35.660] [Render thread/DEBUG] [mezz.jei.library.recipes.RecipeManagerInternal/]: Adding recipes: RecipeType[uid=create:automatic_shapeless, recipeClass=class com.simibubi.create.content.processing.basin.BasinRecipe]
[10Juni2026 13:22:35.677] [Render thread/DEBUG] [mezz.jei.library.recipes.RecipeManagerInternal/]: Adding recipes: RecipeType[uid=create:automatic_brewing, recipeClass=class com.simibubi.create.content.processing.basin.BasinRecipe]
[10Juni2026 13:22:35.693] [Render thread/DEBUG] [mezz.jei.library.recipes.RecipeManagerInternal/]: Adding recipes: RecipeType[uid=create:packing, recipeClass=class com.simibubi.create.content.processing.basin.BasinRecipe]
[10Juni2026 13:22:35.698] [Render thread/DEBUG] [mezz.jei.library.recipes.RecipeManagerInternal/]: Adding recipes: RecipeType[uid=create:automatic_packing, recipeClass=class com.simibubi.create.content.processing.basin.BasinRecipe]
[10Juni2026 13:22:35.700] [Render thread/DEBUG] [mezz.jei.library.recipes.RecipeManagerInternal/]: Adding recipes: RecipeType[uid=create:sawing, recipeClass=class com.simibubi.create.content.kinetics.saw.CuttingRecipe]
[10Juni2026 13:22:35.716] [Render thread/DEBUG] [mezz.jei.library.recipes.RecipeManagerInternal/]: Adding recipes: RecipeType[uid=create:block_cutting, recipeClass=class com.simibubi.create.compat.jei.category.BlockCuttingCategory$CondensedBlockCuttingRecipe]
[10Juni2026 13:22:35.718] [Render thread/DEBUG] [mezz.jei.library.recipes.RecipeManagerInternal/]: Adding recipes: RecipeType[uid=create:sandpaper_polishing, recipeClass=class com.simibubi.create.content.equipment.sandPaper.SandPaperPolishingRecipe]
[10Juni2026 13:22:35.722] [Render thread/DEBUG] [mezz.jei.library.recipes.RecipeManagerInternal/]: Adding recipes: RecipeType[uid=create:item_application, recipeClass=class com.simibubi.create.content.kinetics.deployer.ItemApplicationRecipe]
[10Juni2026 13:22:35.725] [Render thread/DEBUG] [mezz.jei.library.recipes.RecipeManagerInternal/]: Adding recipes: RecipeType[uid=create:deploying, recipeClass=class com.simibubi.create.content.kinetics.deployer.DeployerApplicationRecipe]
[10Juni2026 13:22:35.740] [Render thread/DEBUG] [mezz.jei.library.recipes.RecipeManagerInternal/]: Adding recipes: RecipeType[uid=create:spout_filling, recipeClass=class com.simibubi.create.content.fluids.transfer.FillingRecipe]
[10Juni2026 13:22:35.751] [Render thread/DEBUG] [mezz.jei.library.recipes.RecipeManagerInternal/]: Adding recipes: RecipeType[uid=create:draining, recipeClass=class com.simibubi.create.content.fluids.transfer.EmptyingRecipe]
[10Juni2026 13:22:35.763] [Render thread/DEBUG] [mezz.jei.library.recipes.RecipeManagerInternal/]: Adding recipes: RecipeType[uid=create:automatic_shaped, recipeClass=interface net.minecraft.world.item.crafting.CraftingRecipe]
[10Juni2026 13:22:35.780] [Render thread/DEBUG] [mezz.jei.library.recipes.RecipeManagerInternal/]: Adding recipes: RecipeType[uid=create:mechanical_crafting, recipeClass=interface net.minecraft.world.item.crafting.CraftingRecipe]
[10Juni2026 13:22:35.780] [Render thread/DEBUG] [mezz.jei.library.recipes.RecipeManagerInternal/]: Adding recipes: RecipeType[uid=create:sequenced_assembly, recipeClass=class com.simibubi.create.content.processing.sequenced.SequencedAssemblyRecipe]
[10Juni2026 13:22:35.787] [Render thread/DEBUG] [mezz.jei.library.recipes.RecipeManagerInternal/]: Adding recipes: RecipeType[uid=create:mystery_conversion, recipeClass=class com.simibubi.create.compat.jei.ConversionRecipe]
[10Juni2026 13:22:35.790] [Render thread/DEBUG] [mezz.jei.library.recipes.RecipeManagerInternal/]: Adding recipes: RecipeType[uid=minecraft:crafting, recipeClass=class net.minecraft.world.item.crafting.RecipeHolder]
[10Juni2026 13:22:35.791] [Render thread/INFO] [mezz.jei.library.load.PluginCallerTimerRunnable/]: Registering recipes: create:jei_plugin took 160.7 milliseconds
[10Juni2026 13:22:35.791] [Render thread/DEBUG] [mezz.jei.library.load.PluginCallerTimerRunnable/]: Registering recipes: jei:neoforge_gui...
[10Juni2026 13:22:35.791] [Render thread/DEBUG] [mezz.jei.library.load.PluginCallerTimerRunnable/]: Registering recipes: jei:debug...
[10Juni2026 13:22:35.791] [Render thread/DEBUG] [mezz.jei.library.load.PluginCallerTimerRunnable/]: Registering recipes: jei:gui...
[10Juni2026 13:22:35.791] [Render thread/DEBUG] [mezz.jei.library.load.PluginCallerTimerRunnable/]: Registering recipes: jei:internal...
[10Juni2026 13:22:35.793] [Render thread/DEBUG] [mezz.jei.library.plugins.jei.tags.TagInfoRecipeMaker/]: No valid ingredients found for minecraft:fluid tag: #create:fan_processing_catalysts/smoking (create:fan_processing_catalysts/smoking)
[10Juni2026 13:22:35.793] [Render thread/DEBUG] [mezz.jei.library.plugins.jei.tags.TagInfoRecipeMaker/]: No valid ingredients found for minecraft:fluid tag: Suspicious Stew (c:suspicious_stew)
[10Juni2026 13:22:35.794] [Render thread/DEBUG] [mezz.jei.library.plugins.jei.tags.TagInfoRecipeMaker/]: No valid ingredients found for minecraft:fluid tag: Gaseous (c:gaseous)
[10Juni2026 13:22:35.794] [Render thread/DEBUG] [mezz.jei.library.plugins.jei.tags.TagInfoRecipeMaker/]: No valid ingredients found for minecraft:fluid tag: Rabbit Stew (c:rabbit_stew)
[10Juni2026 13:22:35.794] [Render thread/DEBUG] [mezz.jei.library.plugins.jei.tags.TagInfoRecipeMaker/]: No valid ingredients found for minecraft:fluid tag: Potion (c:potion)
[10Juni2026 13:22:35.794] [Render thread/DEBUG] [mezz.jei.library.plugins.jei.tags.TagInfoRecipeMaker/]: No valid ingredients found for minecraft:fluid tag: Experience (c:experience)
[10Juni2026 13:22:35.794] [Render thread/DEBUG] [mezz.jei.library.plugins.jei.tags.TagInfoRecipeMaker/]: No valid ingredients found for minecraft:fluid tag: #create:bottomless/deny (create:bottomless/deny)
[10Juni2026 13:22:35.794] [Render thread/DEBUG] [mezz.jei.library.plugins.jei.tags.TagInfoRecipeMaker/]: No valid ingredients found for minecraft:fluid tag: Beetroot Soup (c:beetroot_soup)
[10Juni2026 13:22:35.794] [Render thread/DEBUG] [mezz.jei.library.plugins.jei.tags.TagInfoRecipeMaker/]: No valid ingredients found for minecraft:fluid tag: #create:fan_processing_catalysts/haunting (create:fan_processing_catalysts/haunting)
[10Juni2026 13:22:35.794] [Render thread/DEBUG] [mezz.jei.library.plugins.jei.tags.TagInfoRecipeMaker/]: No valid ingredients found for minecraft:fluid tag: Mushroom Stew (c:mushroom_stew)
[10Juni2026 13:22:35.794] [Render thread/DEBUG] [mezz.jei.library.recipes.RecipeManagerInternal/]: Adding recipes: RecipeType[uid=minecraft:tag_recipes/fluid, recipeClass=interface mezz.jei.library.plugins.jei.tags.ITagInfoRecipe]
[10Juni2026 13:22:35.797] [Render thread/DEBUG] [mezz.jei.library.plugins.jei.tags.TagInfoRecipeMaker/]: No valid ingredients found for minecraft:block tag: #minecraft:incorrect_for_diamond_tool (minecraft:incorrect_for_diamond_tool)
[10Juni2026 13:22:35.798] [Render thread/DEBUG] [mezz.jei.library.plugins.jei.tags.TagInfoRecipeMaker/]: No valid ingredients found for minecraft:block tag: #minecraft:invalid_spawn_inside (minecraft:invalid_spawn_inside)
[10Juni2026 13:22:35.799] [Render thread/DEBUG] [mezz.jei.library.plugins.jei.tags.TagInfoRecipeMaker/]: No valid ingredients found for minecraft:block tag: #create:fan_processing_catalysts/splashing (create:fan_processing_catalysts/splashing)
[10Juni2026 13:22:35.799] [Render thread/DEBUG] [mezz.jei.library.plugins.jei.tags.TagInfoRecipeMaker/]: No valid ingredients found for minecraft:block tag: #create:fallback_mounted_storage_blacklist (create:fallback_mounted_storage_blacklist)
[10Juni2026 13:22:35.799] [Render thread/DEBUG] [mezz.jei.library.plugins.jei.tags.TagInfoRecipeMaker/]: No valid ingredients found for minecraft:block tag: #minecraft:strider_warm_blocks (minecraft:strider_warm_blocks)
[10Juni2026 13:22:35.800] [Render thread/DEBUG] [mezz.jei.library.plugins.jei.tags.TagInfoRecipeMaker/]: No valid ingredients found for minecraft:block tag: #minecraft:incorrect_for_netherite_tool (minecraft:incorrect_for_netherite_tool)
[10Juni2026 13:22:35.801] [Render thread/DEBUG] [mezz.jei.library.plugins.jei.tags.TagInfoRecipeMaker/]: No valid ingredients found for minecraft:block tag: Enderman Place On Blacklist (neoforge:enderman_place_on_blacklist)
[10Juni2026 13:22:35.802] [Render thread/DEBUG] [mezz.jei.library.plugins.jei.tags.TagInfoRecipeMaker/]: No valid ingredients found for minecraft:block tag: #create:non_movable (create:non_movable)
[10Juni2026 13:22:35.802] [Render thread/DEBUG] [mezz.jei.library.plugins.jei.tags.TagInfoRecipeMaker/]: No valid ingredients found for minecraft:block tag: #create:non_harvestable (create:non_harvestable)
[10Juni2026 13:22:35.803] [Render thread/DEBUG] [mezz.jei.library.plugins.jei.tags.TagInfoRecipeMaker/]: No valid ingredients found for minecraft:block tag: #minecraft:portals (minecraft:portals)
[10Juni2026 13:22:35.803] [Render thread/DEBUG] [mezz.jei.library.plugins.jei.tags.TagInfoRecipeMaker/]: No valid ingredients found for minecraft:block tag: #minecraft:candle_cakes (minecraft:candle_cakes)
[10Juni2026 13:22:35.803] [Render thread/DEBUG] [mezz.jei.library.plugins.jei.tags.TagInfoRecipeMaker/]: No valid ingredients found for minecraft:block tag: #minecraft:fire (minecraft:fire)
[10Juni2026 13:22:35.803] [Render thread/DEBUG] [mezz.jei.library.plugins.jei.tags.TagInfoRecipeMaker/]: No valid ingredients found for minecraft:block tag: Ropes (c:ropes)
[10Juni2026 13:22:35.803] [Render thread/DEBUG] [mezz.jei.library.plugins.jei.tags.TagInfoRecipeMaker/]: No valid ingredients found for minecraft:block tag: #minecraft:air (minecraft:air)
[10Juni2026 13:22:35.805] [Render thread/DEBUG] [mezz.jei.library.plugins.jei.tags.TagInfoRecipeMaker/]: No valid ingredients found for minecraft:block tag: #create:non_breakable (create:non_breakable)
[10Juni2026 13:22:35.805] [Render thread/DEBUG] [mezz.jei.library.plugins.jei.tags.TagInfoRecipeMaker/]: No valid ingredients found for minecraft:block tag: Needs Netherite Tools (neoforge:needs_netherite_tool)
[10Juni2026 13:22:35.806] [Render thread/DEBUG] [mezz.jei.library.recipes.RecipeManagerInternal/]: Adding recipes: RecipeType[uid=minecraft:tag_recipes/block, recipeClass=interface mezz.jei.library.plugins.jei.tags.ITagInfoRecipe]
[10Juni2026 13:22:35.841] [Render thread/DEBUG] [mezz.jei.library.plugins.jei.tags.TagInfoRecipeMaker/]: No valid ingredients found for minecraft:item tag: Candies (c:foods/candy)
[10Juni2026 13:22:35.841] [Render thread/DEBUG] [mezz.jei.library.plugins.jei.tags.TagInfoRecipeMaker/]: No valid ingredients found for minecraft:item tag: #create:stone_types/galosphere/allurite (create:stone_types/galosphere/allurite)
[10Juni2026 13:22:35.843] [Render thread/DEBUG] [mezz.jei.library.plugins.jei.tags.TagInfoRecipeMaker/]: No valid ingredients found for minecraft:item tag: #create:stone_types/galosphere/lumiere (create:stone_types/galosphere/lumiere)
[10Juni2026 13:22:35.843] [Render thread/DEBUG] [mezz.jei.library.plugins.jei.tags.TagInfoRecipeMaker/]: No valid ingredients found for minecraft:item tag: #create:upgrade_aquatic/coral (create:upgrade_aquatic/coral)
[10Juni2026 13:22:35.843] [Render thread/DEBUG] [mezz.jei.library.plugins.jei.tags.TagInfoRecipeMaker/]: No valid ingredients found for minecraft:item tag: #create:blaze_burner_fuel/regular (create:blaze_burner_fuel/regular)
[10Juni2026 13:22:35.843] [Render thread/DEBUG] [mezz.jei.library.plugins.jei.tags.TagInfoRecipeMaker/]: No valid ingredients found for minecraft:item tag: Ropes (c:ropes)
[10Juni2026 13:22:35.843] [Render thread/DEBUG] [mezz.jei.library.plugins.jei.tags.TagInfoRecipeMaker/]: No valid ingredients found for minecraft:item tag: #create:stone_types/galosphere/amethyst (create:stone_types/galosphere/amethyst)
[10Juni2026 13:22:35.844] [Render thread/DEBUG] [mezz.jei.library.plugins.jei.tags.TagInfoRecipeMaker/]: No valid ingredients found for minecraft:item tag: #create:dispense_behavior_wrap_blacklist (create:dispense_behavior_wrap_blacklist)
[10Juni2026 13:22:35.845] [Render thread/DEBUG] [mezz.jei.library.recipes.RecipeManagerInternal/]: Adding recipes: RecipeType[uid=minecraft:tag_recipes/item, recipeClass=interface mezz.jei.library.plugins.jei.tags.ITagInfoRecipe]
[10Juni2026 13:22:35.876] [Render thread/INFO] [mezz.jei.library.load.PluginCallerTimerRunnable/]: Registering recipes: jei:internal took 83.80 milliseconds
[10Juni2026 13:22:35.876] [Render thread/INFO] [mezz.jei.library.load.PluginCaller/]: Registering recipes took 529.1 ms
[10Juni2026 13:22:35.889] [Render thread/INFO] [mezz.jei.library.load.PluginCaller/]: Registering recipes transfer handlers...
[10Juni2026 13:22:35.889] [Render thread/DEBUG] [mezz.jei.library.load.PluginCallerTimerRunnable/]: Registering recipes transfer handlers: jei:minecraft...
[10Juni2026 13:22:35.894] [Render thread/DEBUG] [mezz.jei.library.load.PluginCallerTimerRunnable/]: Registering recipes transfer handlers: create:jei_plugin...
[10Juni2026 13:22:35.897] [Render thread/DEBUG] [mezz.jei.library.load.PluginCallerTimerRunnable/]: Registering recipes transfer handlers: jei:neoforge_gui...
[10Juni2026 13:22:35.898] [Render thread/DEBUG] [mezz.jei.library.load.PluginCallerTimerRunnable/]: Registering recipes transfer handlers: jei:debug...
[10Juni2026 13:22:35.898] [Render thread/DEBUG] [mezz.jei.library.load.PluginCallerTimerRunnable/]: Registering recipes transfer handlers: jei:gui...
[10Juni2026 13:22:35.898] [Render thread/DEBUG] [mezz.jei.library.load.PluginCallerTimerRunnable/]: Registering recipes transfer handlers: jei:internal...
[10Juni2026 13:22:35.898] [Render thread/INFO] [mezz.jei.library.load.PluginCaller/]: Registering recipes transfer handlers took 8.442 ms
[10Juni2026 13:22:35.914] [Render thread/INFO] [mezz.jei.core.util.LoggedTimer/]: Building runtime...
[10Juni2026 13:22:35.922] [Render thread/INFO] [mezz.jei.library.load.PluginCaller/]: Registering gui handlers...
[10Juni2026 13:22:35.923] [Render thread/DEBUG] [mezz.jei.library.load.PluginCallerTimerRunnable/]: Registering gui handlers: jei:minecraft...
[10Juni2026 13:22:35.929] [Render thread/DEBUG] [mezz.jei.library.load.PluginCallerTimerRunnable/]: Registering gui handlers: create:jei_plugin...
[10Juni2026 13:22:35.931] [Render thread/DEBUG] [mezz.jei.library.load.PluginCallerTimerRunnable/]: Registering gui handlers: jei:neoforge_gui...
[10Juni2026 13:22:35.931] [Render thread/DEBUG] [mezz.jei.library.load.PluginCallerTimerRunnable/]: Registering gui handlers: jei:debug...
[10Juni2026 13:22:35.931] [Render thread/DEBUG] [mezz.jei.library.load.PluginCallerTimerRunnable/]: Registering gui handlers: jei:gui...
[10Juni2026 13:22:35.939] [Render thread/DEBUG] [mezz.jei.library.load.PluginCallerTimerRunnable/]: Registering gui handlers: jei:internal...
[10Juni2026 13:22:35.939] [Render thread/INFO] [mezz.jei.library.load.PluginCaller/]: Registering gui handlers took 16.25 ms
[10Juni2026 13:22:35.945] [Render thread/INFO] [mezz.jei.library.load.PluginCaller/]: Registering Runtime...
[10Juni2026 13:22:35.946] [Render thread/DEBUG] [mezz.jei.library.load.PluginCallerTimerRunnable/]: Registering Runtime: jei:minecraft...
[10Juni2026 13:22:35.946] [Render thread/DEBUG] [mezz.jei.library.load.PluginCallerTimerRunnable/]: Registering Runtime: create:jei_plugin...
[10Juni2026 13:22:35.946] [Render thread/DEBUG] [mezz.jei.library.load.PluginCallerTimerRunnable/]: Registering Runtime: jei:neoforge_gui...
[10Juni2026 13:22:35.948] [Render thread/INFO] [mezz.jei.gui.startup.JeiGuiStarter/]: Starting JEI GUI
[10Juni2026 13:22:35.949] [Render thread/INFO] [mezz.jei.core.util.LoggedTimer/]: Building ingredient list...
[10Juni2026 13:22:35.951] [Render thread/DEBUG] [mezz.jei.gui.ingredients.IngredientListElementFactory/]: Registering ingredients: ItemStack
[10Juni2026 13:22:35.999] [Render thread/DEBUG] [mezz.jei.gui.ingredients.IngredientListElementFactory/]: Registering ingredients: FluidStack
[10Juni2026 13:22:36.001] [Render thread/INFO] [mezz.jei.core.util.LoggedTimer/]: Building ingredient list took 51.05 ms
[10Juni2026 13:22:36.001] [Render thread/INFO] [mezz.jei.core.util.LoggedTimer/]: Building ingredient filter...
[10Juni2026 13:22:36.052] [Render thread/INFO] [mezz.jei.gui.ingredients.IngredientFilter/]: Adding 2441 ingredients
[10Juni2026 13:22:36.675] [JEI Config Save Delay/DEBUG] [mezz.jei.common.config.file.ConfigSerializer/]: Saving config file: F:\Games\MODS\crafts_construct\run\config\jei\jei-colors.ini
[10Juni2026 13:22:36.677] [JEI Config Save Delay/DEBUG] [mezz.jei.common.config.file.ConfigSerializer/]: Saving config file: F:\Games\MODS\crafts_construct\run\config\jei\jei-debug.ini
[10Juni2026 13:22:36.677] [JEI Config Save Delay/DEBUG] [mezz.jei.common.config.file.ConfigSerializer/]: Saving config file: F:\Games\MODS\crafts_construct\run\config\jei\jei-client.ini
[10Juni2026 13:22:36.682] [JEI Config Save Delay/DEBUG] [mezz.jei.common.config.file.ConfigSerializer/]: Saving config file: F:\Games\MODS\crafts_construct\run\config\jei\jei-mod-id-format.ini
[10Juni2026 13:22:36.807] [Render thread/INFO] [mezz.jei.gui.ingredients.IngredientFilter/]: Added 2441 ingredients
[10Juni2026 13:22:36.808] [Render thread/INFO] [mezz.jei.core.util.LoggedTimer/]: Building ingredient filter took 806.6 ms
[10Juni2026 13:22:36.913] [Render thread/INFO] [mezz.jei.library.load.PluginCallerTimerRunnable/]: Registering Runtime: jei:neoforge_gui took 966.4 milliseconds
[10Juni2026 13:22:36.913] [Render thread/DEBUG] [mezz.jei.library.load.PluginCallerTimerRunnable/]: Registering Runtime: jei:debug...
[10Juni2026 13:22:36.913] [Render thread/DEBUG] [mezz.jei.library.load.PluginCallerTimerRunnable/]: Registering Runtime: jei:gui...
[10Juni2026 13:22:36.913] [Render thread/DEBUG] [mezz.jei.library.load.PluginCallerTimerRunnable/]: Registering Runtime: jei:internal...
[10Juni2026 13:22:36.913] [Render thread/INFO] [mezz.jei.library.load.PluginCaller/]: Registering Runtime took 967.8 ms
[10Juni2026 13:22:36.914] [Render thread/INFO] [mezz.jei.core.util.LoggedTimer/]: Building runtime took 999.2 ms
[10Juni2026 13:22:36.914] [Render thread/INFO] [mezz.jei.library.load.PluginCaller/]: Sending Runtime...
[10Juni2026 13:22:36.915] [Render thread/DEBUG] [mezz.jei.library.load.PluginCallerTimerRunnable/]: Sending Runtime: jei:minecraft...
[10Juni2026 13:22:36.915] [Render thread/DEBUG] [mezz.jei.library.load.PluginCallerTimerRunnable/]: Sending Runtime: create:jei_plugin...
[10Juni2026 13:22:36.915] [Render thread/DEBUG] [mezz.jei.library.load.PluginCallerTimerRunnable/]: Sending Runtime: jei:neoforge_gui...
[10Juni2026 13:22:36.915] [Render thread/DEBUG] [mezz.jei.library.load.PluginCallerTimerRunnable/]: Sending Runtime: jei:debug...
[10Juni2026 13:22:36.915] [Render thread/DEBUG] [mezz.jei.library.load.PluginCallerTimerRunnable/]: Sending Runtime: jei:gui...
[10Juni2026 13:22:36.915] [Render thread/DEBUG] [mezz.jei.library.load.PluginCallerTimerRunnable/]: Sending Runtime: jei:internal...
[10Juni2026 13:22:36.916] [Render thread/INFO] [mezz.jei.library.load.PluginCaller/]: Sending Runtime took 1.142 ms
[10Juni2026 13:22:36.916] [Render thread/INFO] [mezz.jei.core.util.LoggedTimer/]: Starting JEI took 2.244 s
[10Juni2026 13:22:36.942] [Render thread/INFO] [net.minecraft.advancements.AdvancementTree/]: Loaded 662 advancements
[10Juni2026 13:22:37.215] [JEI Config File Watcher/DEBUG] [mezz.jei.common.config.file.FileWatcherThread/]: Detected changes in files:
F:\Games\MODS\crafts_construct\run\config\jei\jei-mod-id-format.ini
F:\Games\MODS\crafts_construct\run\config\jei\jei-client.ini
F:\Games\MODS\crafts_construct\run\config\jei\jei-colors.ini
F:\Games\MODS\crafts_construct\run\config\jei\jei-debug.ini
[10Juni2026 13:22:37.328] [Render thread/DEBUG] [mezz.jei.common.config.file.ConfigSerializer/]: Skipping loading config file, it was just saved by us: F:\Games\MODS\crafts_construct\run\config\jei\jei-debug.ini
[10Juni2026 13:22:37.780] [Flywheel Task Executor #0/DEBUG] [io.netty.util.internal.ThreadLocalRandom/]: -Dio.netty.initialSeedUniquifier: 0x028211631afd6038
[10Juni2026 13:22:38.023] [Render thread/DEBUG] [flywheel/backend/shaders/]: Compiled culling/create_instance_cull_rotating in 28,799 ms
[10Juni2026 13:22:38.028] [Render thread/DEBUG] [flywheel/backend/shaders/]: Linked dev.engine_room.flywheel.lib.instance.SimpleInstanceType@60641443 in 34,776 ms
[10Juni2026 13:22:38.045] [Render thread/DEBUG] [flywheel/backend/shaders/]: Compiled culling/flywheel_instance_cull_transformed in 4,796 ms
[10Juni2026 13:22:38.047] [Render thread/DEBUG] [flywheel/backend/shaders/]: Linked dev.engine_room.flywheel.lib.instance.SimpleInstanceType@7f2a84b6 in 7,812 ms
[10Juni2026 13:22:38.053] [Render thread/DEBUG] [flywheel/backend/shaders/]: Compiled culling/flywheel_instance_cull_oriented in 5,005 ms
[10Juni2026 13:22:38.055] [Render thread/DEBUG] [flywheel/backend/shaders/]: Linked dev.engine_room.flywheel.lib.instance.SimpleInstanceType@49d439a6 in 7,517 ms
[10Juni2026 13:22:38.071] [Render thread/DEBUG] [flywheel/backend/shaders/]: Compiled utilities/flywheel_internal_indirect_scatter in 1,059 ms
[10Juni2026 13:22:38.072] [Render thread/DEBUG] [flywheel/backend/shaders/]: Linked flywheel:internal/indirect/scatter.glsl in 2,213 ms
[10Juni2026 13:22:38.126] [Render thread/DEBUG] [flywheel/backend/shaders/]: Compiled utilities/flywheel_internal_indirect_downsample_first in 1,672 ms
[10Juni2026 13:22:38.128] [Render thread/DEBUG] [flywheel/backend/shaders/]: Linked flywheel:internal/indirect/downsample_first.glsl in 3,190 ms
[10Juni2026 13:22:38.131] [Render thread/DEBUG] [flywheel/backend/shaders/]: Compiled utilities/flywheel_internal_indirect_downsample_second in 1,990 ms
[10Juni2026 13:22:38.132] [Render thread/DEBUG] [flywheel/backend/shaders/]: Linked flywheel:internal/indirect/downsample_second.glsl in 2,935 ms
[10Juni2026 13:22:38.136] [Render thread/DEBUG] [flywheel/backend/shaders/]: Compiled utilities/flywheel_internal_indirect_apply in 1,229 ms
[10Juni2026 13:22:38.137] [Render thread/DEBUG] [flywheel/backend/shaders/]: Linked flywheel:internal/indirect/apply.glsl in 2,579 ms
[10Juni2026 13:22:38.147] [Render thread/DEBUG] [flywheel/backend/shaders/]: Compiled pipeline/indirect/flywheel_instance_oriented/flywheel_material_default_default in 3,558 ms
[10Juni2026 13:22:38.157] [Render thread/DEBUG] [flywheel/backend/shaders/]: Compiled pipeline/indirect/frag/flywheel_material_default/flywheel_light_smooth_when_embedded_default in 9,435 ms
[10Juni2026 13:22:38.161] [Render thread/DEBUG] [dev.engine_room.flywheel.backend.gl.shader.GlProgram/]: No active uniform '_flw_depthRange' exists. Could be unused.
[10Juni2026 13:22:38.161] [Render thread/DEBUG] [dev.engine_room.flywheel.backend.gl.shader.GlProgram/]: No active uniform '_flw_coefficients' exists. Could be unused.
[10Juni2026 13:22:38.161] [Render thread/DEBUG] [dev.engine_room.flywheel.backend.gl.shader.GlProgram/]: No active uniform '_flw_blueNoise' exists. Could be unused.
[10Juni2026 13:22:38.173] [Render thread/DEBUG] [flywheel/backend/shaders/]: Linked PipelineProgramKey[instanceType=dev.engine_room.flywheel.lib.instance.SimpleInstanceType@49d439a6, contextShader=DEFAULT, light=SimpleLightShader[source=flywheel:light/smooth_when_embedded.glsl], materialShaders=SimpleMaterialShaders[vertexSource=flywheel:material/default.vert, fragmentSource=flywheel:material/default.frag], useCutout=false, debugEnabled=false, oit=OFF] in 17,850 ms
[10Juni2026 13:22:38.178] [Render thread/DEBUG] [flywheel/backend/shaders/]: Compiled pipeline/indirect/create_instance_rotating/flywheel_material_default_default in 2,970 ms
[10Juni2026 13:22:38.180] [Render thread/DEBUG] [flywheel/backend/shaders/]: Compiled pipeline/indirect/frag/flywheel_material_default/flywheel_light_smooth_when_embedded_default in 671,800 μs
[10Juni2026 13:22:38.183] [Render thread/DEBUG] [dev.engine_room.flywheel.backend.gl.shader.GlProgram/]: No active uniform '_flw_depthRange' exists. Could be unused.
[10Juni2026 13:22:38.183] [Render thread/DEBUG] [dev.engine_room.flywheel.backend.gl.shader.GlProgram/]: No active uniform '_flw_coefficients' exists. Could be unused.
[10Juni2026 13:22:38.183] [Render thread/DEBUG] [dev.engine_room.flywheel.backend.gl.shader.GlProgram/]: No active uniform '_flw_blueNoise' exists. Could be unused.
[10Juni2026 13:22:38.184] [Render thread/DEBUG] [flywheel/backend/shaders/]: Linked PipelineProgramKey[instanceType=dev.engine_room.flywheel.lib.instance.SimpleInstanceType@60641443, contextShader=DEFAULT, light=SimpleLightShader[source=flywheel:light/smooth_when_embedded.glsl], materialShaders=SimpleMaterialShaders[vertexSource=flywheel:material/default.vert, fragmentSource=flywheel:material/default.frag], useCutout=false, debugEnabled=false, oit=OFF] in 8,541 ms
[10Juni2026 13:22:38.184] [Render thread/DEBUG] [flywheel/backend/shaders/]: Compiled pipeline/indirect/create_instance_rotating/flywheel_material_default_default in 70,500 μs
[10Juni2026 13:22:38.189] [Render thread/DEBUG] [flywheel/backend/shaders/]: Compiled pipeline/indirect/frag/flywheel_material_default/flywheel_light_smooth_when_embedded_default_cutout in 3,687 ms
[10Juni2026 13:22:38.192] [Render thread/DEBUG] [dev.engine_room.flywheel.backend.gl.shader.GlProgram/]: No active uniform '_flw_depthRange' exists. Could be unused.
[10Juni2026 13:22:38.192] [Render thread/DEBUG] [dev.engine_room.flywheel.backend.gl.shader.GlProgram/]: No active uniform '_flw_coefficients' exists. Could be unused.
[10Juni2026 13:22:38.192] [Render thread/DEBUG] [dev.engine_room.flywheel.backend.gl.shader.GlProgram/]: No active uniform '_flw_blueNoise' exists. Could be unused.
[10Juni2026 13:22:38.193] [Render thread/DEBUG] [flywheel/backend/shaders/]: Linked PipelineProgramKey[instanceType=dev.engine_room.flywheel.lib.instance.SimpleInstanceType@60641443, contextShader=DEFAULT, light=SimpleLightShader[source=flywheel:light/smooth_when_embedded.glsl], materialShaders=SimpleMaterialShaders[vertexSource=flywheel:material/default.vert, fragmentSource=flywheel:material/default.frag], useCutout=true, debugEnabled=false, oit=OFF] in 7,822 ms
[10Juni2026 13:22:38.196] [Render thread/DEBUG] [flywheel/backend/shaders/]: Compiled pipeline/indirect/flywheel_instance_transformed/flywheel_material_default_default in 3,023 ms
[10Juni2026 13:22:38.197] [Render thread/DEBUG] [flywheel/backend/shaders/]: Compiled pipeline/indirect/frag/flywheel_material_default/flywheel_light_smooth_when_embedded_default in 97,500 μs
[10Juni2026 13:22:38.200] [Render thread/DEBUG] [dev.engine_room.flywheel.backend.gl.shader.GlProgram/]: No active uniform '_flw_depthRange' exists. Could be unused.
[10Juni2026 13:22:38.200] [Render thread/DEBUG] [dev.engine_room.flywheel.backend.gl.shader.GlProgram/]: No active uniform '_flw_coefficients' exists. Could be unused.
[10Juni2026 13:22:38.200] [Render thread/DEBUG] [dev.engine_room.flywheel.backend.gl.shader.GlProgram/]: No active uniform '_flw_blueNoise' exists. Could be unused.
[10Juni2026 13:22:38.201] [Render thread/DEBUG] [flywheel/backend/shaders/]: Linked PipelineProgramKey[instanceType=dev.engine_room.flywheel.lib.instance.SimpleInstanceType@7f2a84b6, contextShader=DEFAULT, light=SimpleLightShader[source=flywheel:light/smooth_when_embedded.glsl], materialShaders=SimpleMaterialShaders[vertexSource=flywheel:material/default.vert, fragmentSource=flywheel:material/default.frag], useCutout=false, debugEnabled=false, oit=OFF] in 7,772 ms
[10Juni2026 13:22:38.712] [Render thread/DEBUG] [flywheel/backend/shaders/]: Compiled culling/create_instance_cull_scrolling in 4,122 ms
[10Juni2026 13:22:38.717] [Render thread/DEBUG] [flywheel/backend/shaders/]: Linked dev.engine_room.flywheel.lib.instance.SimpleInstanceType@159f39a7 in 9,620 ms
[10Juni2026 13:22:38.740] [Render thread/DEBUG] [flywheel/backend/shaders/]: Compiled pipeline/indirect/create_instance_scrolling/flywheel_material_default_default in 8,469 ms
[10Juni2026 13:22:38.741] [Render thread/DEBUG] [flywheel/backend/shaders/]: Compiled pipeline/indirect/frag/flywheel_material_default/flywheel_light_smooth_when_embedded_default in 152,300 μs
[10Juni2026 13:22:38.749] [Render thread/DEBUG] [dev.engine_room.flywheel.backend.gl.shader.GlProgram/]: No active uniform '_flw_depthRange' exists. Could be unused.
[10Juni2026 13:22:38.750] [Render thread/DEBUG] [dev.engine_room.flywheel.backend.gl.shader.GlProgram/]: No active uniform '_flw_coefficients' exists. Could be unused.
[10Juni2026 13:22:38.750] [Render thread/DEBUG] [dev.engine_room.flywheel.backend.gl.shader.GlProgram/]: No active uniform '_flw_blueNoise' exists. Could be unused.
[10Juni2026 13:22:38.751] [Render thread/DEBUG] [flywheel/backend/shaders/]: Linked PipelineProgramKey[instanceType=dev.engine_room.flywheel.lib.instance.SimpleInstanceType@159f39a7, contextShader=DEFAULT, light=SimpleLightShader[source=flywheel:light/smooth_when_embedded.glsl], materialShaders=SimpleMaterialShaders[vertexSource=flywheel:material/default.vert, fragmentSource=flywheel:material/default.frag], useCutout=false, debugEnabled=false, oit=OFF] in 18,877 ms
[10Juni2026 13:22:39.072] [Render thread/DEBUG] [flywheel/backend/shaders/]: Compiled pipeline/indirect/flywheel_instance_oriented/flywheel_material_default_default in 2,829 ms
[10Juni2026 13:22:39.076] [Render thread/DEBUG] [flywheel/backend/shaders/]: Compiled pipeline/indirect/frag/flywheel_material_default/flywheel_light_smooth_when_embedded_default in 2,889 ms
[10Juni2026 13:22:39.079] [Render thread/DEBUG] [dev.engine_room.flywheel.backend.gl.shader.GlProgram/]: No active uniform '_flw_depthRange' exists. Could be unused.
[10Juni2026 13:22:39.079] [Render thread/DEBUG] [dev.engine_room.flywheel.backend.gl.shader.GlProgram/]: No active uniform '_flw_coefficients' exists. Could be unused.
[10Juni2026 13:22:39.079] [Render thread/DEBUG] [dev.engine_room.flywheel.backend.gl.shader.GlProgram/]: No active uniform '_flw_blueNoise' exists. Could be unused.
[10Juni2026 13:22:39.079] [Render thread/DEBUG] [flywheel/backend/shaders/]: Linked PipelineProgramKey[instanceType=dev.engine_room.flywheel.lib.instance.SimpleInstanceType@49d439a6, contextShader=DEFAULT, light=SimpleLightShader[source=flywheel:light/smooth_when_embedded.glsl], materialShaders=SimpleMaterialShaders[vertexSource=flywheel:material/default.vert, fragmentSource=flywheel:material/default.frag], useCutout=false, debugEnabled=false, oit=OFF] in 9,174 ms
[10Juni2026 13:22:39.083] [Render thread/DEBUG] [flywheel/backend/shaders/]: Compiled pipeline/indirect/create_instance_rotating/flywheel_material_default_default in 3,012 ms
[10Juni2026 13:22:39.083] [Render thread/DEBUG] [flywheel/backend/shaders/]: Compiled pipeline/indirect/frag/flywheel_material_default/flywheel_light_smooth_when_embedded_default in 103,700 μs
[10Juni2026 13:22:39.085] [Render thread/DEBUG] [dev.engine_room.flywheel.backend.gl.shader.GlProgram/]: No active uniform '_flw_depthRange' exists. Could be unused.
[10Juni2026 13:22:39.086] [Render thread/DEBUG] [dev.engine_room.flywheel.backend.gl.shader.GlProgram/]: No active uniform '_flw_coefficients' exists. Could be unused.
[10Juni2026 13:22:39.086] [Render thread/DEBUG] [dev.engine_room.flywheel.backend.gl.shader.GlProgram/]: No active uniform '_flw_blueNoise' exists. Could be unused.
[10Juni2026 13:22:39.086] [Render thread/DEBUG] [flywheel/backend/shaders/]: Linked PipelineProgramKey[instanceType=dev.engine_room.flywheel.lib.instance.SimpleInstanceType@60641443, contextShader=DEFAULT, light=SimpleLightShader[source=flywheel:light/smooth_when_embedded.glsl], materialShaders=SimpleMaterialShaders[vertexSource=flywheel:material/default.vert, fragmentSource=flywheel:material/default.frag], useCutout=false, debugEnabled=false, oit=OFF] in 6,603 ms
[10Juni2026 13:22:39.086] [Render thread/DEBUG] [flywheel/backend/shaders/]: Compiled pipeline/indirect/create_instance_rotating/flywheel_material_default_default in 66,000 μs
[10Juni2026 13:22:39.090] [Render thread/DEBUG] [flywheel/backend/shaders/]: Compiled pipeline/indirect/frag/flywheel_material_default/flywheel_light_smooth_when_embedded_default_cutout in 3,444 ms
[10Juni2026 13:22:39.093] [Render thread/DEBUG] [dev.engine_room.flywheel.backend.gl.shader.GlProgram/]: No active uniform '_flw_depthRange' exists. Could be unused.
[10Juni2026 13:22:39.094] [Render thread/DEBUG] [dev.engine_room.flywheel.backend.gl.shader.GlProgram/]: No active uniform '_flw_coefficients' exists. Could be unused.
[10Juni2026 13:22:39.094] [Render thread/DEBUG] [dev.engine_room.flywheel.backend.gl.shader.GlProgram/]: No active uniform '_flw_blueNoise' exists. Could be unused.
[10Juni2026 13:22:39.094] [Render thread/DEBUG] [flywheel/backend/shaders/]: Linked PipelineProgramKey[instanceType=dev.engine_room.flywheel.lib.instance.SimpleInstanceType@60641443, contextShader=DEFAULT, light=SimpleLightShader[source=flywheel:light/smooth_when_embedded.glsl], materialShaders=SimpleMaterialShaders[vertexSource=flywheel:material/default.vert, fragmentSource=flywheel:material/default.frag], useCutout=true, debugEnabled=false, oit=OFF] in 7,937 ms
[10Juni2026 13:22:39.098] [Render thread/DEBUG] [flywheel/backend/shaders/]: Compiled pipeline/indirect/create_instance_scrolling/flywheel_material_default_default in 2,990 ms
[10Juni2026 13:22:39.098] [Render thread/DEBUG] [flywheel/backend/shaders/]: Compiled pipeline/indirect/frag/flywheel_material_default/flywheel_light_smooth_when_embedded_default in 106,800 μs
[10Juni2026 13:22:39.102] [Render thread/DEBUG] [dev.engine_room.flywheel.backend.gl.shader.GlProgram/]: No active uniform '_flw_depthRange' exists. Could be unused.
[10Juni2026 13:22:39.102] [Render thread/DEBUG] [dev.engine_room.flywheel.backend.gl.shader.GlProgram/]: No active uniform '_flw_coefficients' exists. Could be unused.
[10Juni2026 13:22:39.102] [Render thread/DEBUG] [dev.engine_room.flywheel.backend.gl.shader.GlProgram/]: No active uniform '_flw_blueNoise' exists. Could be unused.
[10Juni2026 13:22:39.102] [Render thread/DEBUG] [flywheel/backend/shaders/]: Linked PipelineProgramKey[instanceType=dev.engine_room.flywheel.lib.instance.SimpleInstanceType@159f39a7, contextShader=DEFAULT, light=SimpleLightShader[source=flywheel:light/smooth_when_embedded.glsl], materialShaders=SimpleMaterialShaders[vertexSource=flywheel:material/default.vert, fragmentSource=flywheel:material/default.frag], useCutout=false, debugEnabled=false, oit=OFF] in 7,168 ms
[10Juni2026 13:22:39.106] [Render thread/DEBUG] [flywheel/backend/shaders/]: Compiled pipeline/indirect/flywheel_instance_transformed/flywheel_material_default_default in 2,484 ms
[10Juni2026 13:22:39.107] [Render thread/DEBUG] [flywheel/backend/shaders/]: Compiled pipeline/indirect/frag/flywheel_material_default/flywheel_light_smooth_when_embedded_default in 106,100 μs
[10Juni2026 13:22:39.109] [Render thread/DEBUG] [dev.engine_room.flywheel.backend.gl.shader.GlProgram/]: No active uniform '_flw_depthRange' exists. Could be unused.
[10Juni2026 13:22:39.109] [Render thread/DEBUG] [dev.engine_room.flywheel.backend.gl.shader.GlProgram/]: No active uniform '_flw_coefficients' exists. Could be unused.
[10Juni2026 13:22:39.109] [Render thread/DEBUG] [dev.engine_room.flywheel.backend.gl.shader.GlProgram/]: No active uniform '_flw_blueNoise' exists. Could be unused.
[10Juni2026 13:22:39.109] [Render thread/DEBUG] [flywheel/backend/shaders/]: Linked PipelineProgramKey[instanceType=dev.engine_room.flywheel.lib.instance.SimpleInstanceType@7f2a84b6, contextShader=DEFAULT, light=SimpleLightShader[source=flywheel:light/smooth_when_embedded.glsl], materialShaders=SimpleMaterialShaders[vertexSource=flywheel:material/default.vert, fragmentSource=flywheel:material/default.frag], useCutout=false, debugEnabled=false, oit=OFF] in 5,982 ms
[10Juni2026 13:22:39.113] [Render thread/DEBUG] [flywheel/backend/shaders/]: Compiled pipeline/indirect/flywheel_instance_transformed/flywheel_material_default_embedded in 4,004 ms
[10Juni2026 13:22:39.117] [Render thread/DEBUG] [flywheel/backend/shaders/]: Compiled pipeline/indirect/frag/flywheel_material_default/flywheel_light_smooth_when_embedded_embedded in 2,386 ms
[10Juni2026 13:22:39.121] [Render thread/DEBUG] [dev.engine_room.flywheel.backend.gl.shader.GlProgram/]: No active uniform '_flw_depthRange' exists. Could be unused.
[10Juni2026 13:22:39.121] [Render thread/DEBUG] [dev.engine_room.flywheel.backend.gl.shader.GlProgram/]: No active uniform '_flw_coefficients' exists. Could be unused.
[10Juni2026 13:22:39.121] [Render thread/DEBUG] [dev.engine_room.flywheel.backend.gl.shader.GlProgram/]: No active uniform '_flw_blueNoise' exists. Could be unused.
[10Juni2026 13:22:39.121] [Render thread/DEBUG] [flywheel/backend/shaders/]: Linked PipelineProgramKey[instanceType=dev.engine_room.flywheel.lib.instance.SimpleInstanceType@7f2a84b6, contextShader=EMBEDDED, light=SimpleLightShader[source=flywheel:light/smooth_when_embedded.glsl], materialShaders=SimpleMaterialShaders[vertexSource=flywheel:material/default.vert, fragmentSource=flywheel:material/default.frag], useCutout=false, debugEnabled=false, oit=OFF] in 11,487 ms
[10Juni2026 13:22:39.122] [Render thread/DEBUG] [flywheel/backend/shaders/]: Compiled pipeline/indirect/flywheel_instance_transformed/flywheel_material_default_embedded in 90,600 μs
[10Juni2026 13:22:39.126] [Render thread/DEBUG] [flywheel/backend/shaders/]: Compiled pipeline/indirect/frag/flywheel_material_default/flywheel_light_smooth_when_embedded_embedded_cutout in 3,045 ms
[10Juni2026 13:22:39.129] [Render thread/DEBUG] [dev.engine_room.flywheel.backend.gl.shader.GlProgram/]: No active uniform '_flw_depthRange' exists. Could be unused.
[10Juni2026 13:22:39.129] [Render thread/DEBUG] [dev.engine_room.flywheel.backend.gl.shader.GlProgram/]: No active uniform '_flw_coefficients' exists. Could be unused.
[10Juni2026 13:22:39.129] [Render thread/DEBUG] [dev.engine_room.flywheel.backend.gl.shader.GlProgram/]: No active uniform '_flw_blueNoise' exists. Could be unused.
[10Juni2026 13:22:39.130] [Render thread/DEBUG] [flywheel/backend/shaders/]: Linked PipelineProgramKey[instanceType=dev.engine_room.flywheel.lib.instance.SimpleInstanceType@7f2a84b6, contextShader=EMBEDDED, light=SimpleLightShader[source=flywheel:light/smooth_when_embedded.glsl], materialShaders=SimpleMaterialShaders[vertexSource=flywheel:material/default.vert, fragmentSource=flywheel:material/default.frag], useCutout=true, debugEnabled=false, oit=OFF] in 8,139 ms
[10Juni2026 13:22:45.483] [Render thread/DEBUG] [flywheel/backend/shaders/]: Compiled pipeline/indirect/flywheel_instance_transformed/flywheel_material_default_default in 81,900 μs
[10Juni2026 13:22:45.483] [Render thread/DEBUG] [flywheel/backend/shaders/]: Compiled pipeline/indirect/frag/flywheel_material_default/flywheel_light_smooth_when_embedded_default_cutout in 87,100 μs
[10Juni2026 13:22:45.487] [Render thread/DEBUG] [dev.engine_room.flywheel.backend.gl.shader.GlProgram/]: No active uniform '_flw_depthRange' exists. Could be unused.
[10Juni2026 13:22:45.487] [Render thread/DEBUG] [dev.engine_room.flywheel.backend.gl.shader.GlProgram/]: No active uniform '_flw_coefficients' exists. Could be unused.
[10Juni2026 13:22:45.487] [Render thread/DEBUG] [dev.engine_room.flywheel.backend.gl.shader.GlProgram/]: No active uniform '_flw_blueNoise' exists. Could be unused.
[10Juni2026 13:22:45.488] [Render thread/DEBUG] [flywheel/backend/shaders/]: Linked PipelineProgramKey[instanceType=dev.engine_room.flywheel.lib.instance.SimpleInstanceType@7f2a84b6, contextShader=DEFAULT, light=SimpleLightShader[source=flywheel:light/smooth_when_embedded.glsl], materialShaders=SimpleMaterialShaders[vertexSource=flywheel:material/default.vert, fragmentSource=flywheel:material/default.frag], useCutout=true, debugEnabled=false, oit=OFF] in 4,855 ms
[10Juni2026 13:23:18.578] [Render thread/DEBUG] [mezz.jei.common.config.file.ConfigSerializer/]: Skipping loading config file, it was just saved by us: F:\Games\MODS\crafts_construct\run\config\jei\jei-client.ini
[10Juni2026 13:27:32.008] [Server thread/DEBUG] [net.neoforged.neoforge.common.CommonHooks/WP]: Gathered mod list to write to world save Wpas
[10Juni2026 13:29:08.318] [Server thread/INFO] [net.minecraft.client.server.IntegratedServer/]: Saving and pausing game...
[10Juni2026 13:29:08.368] [Server thread/INFO] [net.minecraft.server.MinecraftServer/]: Saving chunks for level 'ServerLevel[Wpas]'/minecraft:overworld
[10Juni2026 13:29:08.391] [Server thread/INFO] [net.minecraft.server.MinecraftServer/]: Saving chunks for level 'ServerLevel[Wpas]'/minecraft:the_end
[10Juni2026 13:29:08.391] [Server thread/INFO] [net.minecraft.server.MinecraftServer/]: Saving chunks for level 'ServerLevel[Wpas]'/minecraft:the_nether
[10Juni2026 13:29:08.392] [Server thread/DEBUG] [net.neoforged.neoforge.common.CommonHooks/WP]: Gathered mod list to write to world save Wpas
[10Juni2026 13:32:26.606] [Render thread/INFO] [mezz.jei.neoforge.startup.StartEventObserver/]: JEI StartEventObserver received class net.neoforged.neoforge.client.event.ClientPlayerNetworkEvent$LoggingOut
[10Juni2026 13:32:26.606] [Render thread/INFO] [mezz.jei.neoforge.startup.StartEventObserver/]: JEI StartEventObserver transitioning state from JEI_STARTED to LISTENING
[10Juni2026 13:32:26.606] [Render thread/INFO] [mezz.jei.library.startup.JeiStarter/]: Stopping JEI
[10Juni2026 13:32:26.607] [Render thread/INFO] [mezz.jei.library.load.PluginCaller/]: Sending Runtime Unavailable...
[10Juni2026 13:32:26.607] [Render thread/DEBUG] [mezz.jei.library.load.PluginCallerTimerRunnable/]: Sending Runtime Unavailable: jei:minecraft...
[10Juni2026 13:32:26.607] [Render thread/DEBUG] [mezz.jei.library.load.PluginCallerTimerRunnable/]: Sending Runtime Unavailable: create:jei_plugin...
[10Juni2026 13:32:26.607] [Render thread/DEBUG] [mezz.jei.library.load.PluginCallerTimerRunnable/]: Sending Runtime Unavailable: jei:neoforge_gui...
[10Juni2026 13:32:26.607] [Render thread/INFO] [mezz.jei.neoforge.plugins.neoforge.NeoForgeGuiPlugin/]: Stopping JEI GUI
[10Juni2026 13:32:26.611] [Render thread/DEBUG] [mezz.jei.library.load.PluginCallerTimerRunnable/]: Sending Runtime Unavailable: jei:debug...
[10Juni2026 13:32:26.612] [Render thread/DEBUG] [mezz.jei.library.load.PluginCallerTimerRunnable/]: Sending Runtime Unavailable: jei:gui...
[10Juni2026 13:32:26.612] [Render thread/DEBUG] [mezz.jei.library.load.PluginCallerTimerRunnable/]: Sending Runtime Unavailable: jei:internal...
[10Juni2026 13:32:26.613] [Render thread/INFO] [mezz.jei.library.load.PluginCaller/]: Sending Runtime Unavailable took 5.048 ms
[10Juni2026 13:32:26.626] [Render thread/DEBUG] [com.simibubi.create.Create/]: Removed Redstone Network Space for minecraft:overworld
[10Juni2026 13:32:26.627] [Render thread/DEBUG] [com.simibubi.create.Create/]: Removed Kinetic Network Space for minecraft:overworld
[10Juni2026 13:32:26.711] [Server thread/INFO] [net.minecraft.server.network.ServerGamePacketListenerImpl/]: Dev lost connection: Disconnected
[10Juni2026 13:32:26.712] [Server thread/INFO] [net.minecraft.server.MinecraftServer/]: Dev left the game
[10Juni2026 13:32:26.787] [Server thread/INFO] [net.minecraft.server.network.ServerCommonPacketListenerImpl/]: Stopping singleplayer server as player logged out
[10Juni2026 13:32:26.808] [Server thread/INFO] [net.minecraft.server.MinecraftServer/]: Stopping server
[10Juni2026 13:32:26.809] [Server thread/INFO] [net.minecraft.server.MinecraftServer/]: Saving players
[10Juni2026 13:32:26.809] [Server thread/INFO] [net.minecraft.server.MinecraftServer/]: Saving worlds
[10Juni2026 13:32:27.016] [Server thread/INFO] [net.minecraft.server.MinecraftServer/]: Saving chunks for level 'ServerLevel[Wpas]'/minecraft:overworld
[10Juni2026 13:32:27.342] [Server thread/INFO] [net.minecraft.server.MinecraftServer/]: Saving chunks for level 'ServerLevel[Wpas]'/minecraft:the_end
[10Juni2026 13:32:27.380] [Server thread/INFO] [net.minecraft.server.MinecraftServer/]: Saving chunks for level 'ServerLevel[Wpas]'/minecraft:the_nether
[10Juni2026 13:32:27.411] [Server thread/DEBUG] [net.neoforged.neoforge.common.CommonHooks/WP]: Gathered mod list to write to world save Wpas
[10Juni2026 13:32:27.436] [Server thread/INFO] [net.minecraft.server.MinecraftServer/]: ThreadedAnvilChunkStorage (Wpas): All chunks are saved
[10Juni2026 13:32:27.437] [Server thread/INFO] [net.minecraft.server.MinecraftServer/]: ThreadedAnvilChunkStorage (DIM1): All chunks are saved
[10Juni2026 13:32:27.437] [Server thread/INFO] [net.minecraft.server.MinecraftServer/]: ThreadedAnvilChunkStorage (DIM-1): All chunks are saved
[10Juni2026 13:32:27.437] [Server thread/INFO] [net.minecraft.server.MinecraftServer/]: ThreadedAnvilChunkStorage: All dimensions are saved
[10Juni2026 13:32:27.439] [Server thread/DEBUG] [com.simibubi.create.Create/]: Removed Redstone Network Space for minecraft:overworld
[10Juni2026 13:32:27.439] [Server thread/DEBUG] [com.simibubi.create.Create/]: Removed Kinetic Network Space for minecraft:overworld
[10Juni2026 13:32:27.567] [Server thread/DEBUG] [com.simibubi.create.Create/]: Removed Redstone Network Space for minecraft:the_end
[10Juni2026 13:32:27.567] [Server thread/DEBUG] [com.simibubi.create.Create/]: Removed Kinetic Network Space for minecraft:the_end
[10Juni2026 13:32:27.568] [Server thread/DEBUG] [com.simibubi.create.Create/]: Removed Redstone Network Space for minecraft:the_nether
[10Juni2026 13:32:27.568] [Server thread/DEBUG] [com.simibubi.create.Create/]: Removed Kinetic Network Space for minecraft:the_nether
[10Juni2026 13:32:27.569] [Server thread/DEBUG] [net.neoforged.fml.config.ConfigTracker/CONFIG]: Unloading configs type SERVER
[10Juni2026 13:32:31.923] [Render thread/INFO] [net.minecraft.client.Minecraft/]: Stopping!
